"election","type","srprec","totreg_r","dem","rep","aip","paf","msc","lib","nlp","grn","ref","dcl","male","female","hispdem","hisprep","hispdcl","hispoth","jewdem","jewrep","jewdcl","jewoth","kordem","korrep","kordcl","koroth","jpndem","jpnrep","jpndcl","jpnoth","chidem","chirep","chidcl","chioth","inddem","indrep","inddcl","indoth","vietdem","vietrep","vietdcl","vietoth","fildem","filrep","fildcl","filoth","demmunk","demm1824","demm2534","demm3544","demm4554","demm5564","demm65pl","demfunk","demf1824","demf2534","demf3544","demf4554","demf5564","demf65pl","repmunk","repm1824","repm2534","repm3544","repm4554","repm5564","repm65pl","repfunk","repf1824","repf2534","repf3544","repf4554","repf5564","repf65pl","dclmunk","dclm1824","dclm2534","dclm3544","dclm4554","dclm5564","dclm65pl","dclfunk","dclf1824","dclf2534","dclf3544","dclf4554","dclf5564","dclf65pl","othmunk","othm1824","othm2534","othm3544","othm4554","othm5564","othm65pl","othfunk","othf1824","othf2534","othf3544","othf4554","othf5564","othf65pl","dreg1g","dreg2g","dreg3g","dreg4g","dreg5g","dreg6g","dreg7g","dreg8g","dreg9g","rreg1g","rreg2g","rreg3g","rreg4g","rreg5g","rreg6g","rreg7g","rreg8g","rreg9g","ireg1g","ireg2g","ireg3g","ireg4g","ireg5g","ireg6g","ireg7g","ireg8g","ireg9g","oreg1g","oreg2g","oreg3g","oreg4g","oreg5g","oreg6g","oreg7g","oreg8g","oreg9g"
"g18","V","101","1149","262","581","41","1","17","13","0","10","1","223","558","591","62","51","42","8","10","19","10","3","0","0","0","0","1","0","1","0","0","0","0","0","0","0","0","1","0","1","1","0","2","4","5","0","0","4","12","8","19","21","40","0","7","17","14","24","46","50","0","14","30","43","42","81","92","0","6","34","44","48","70","77","0","10","15","30","16","15","24","0","9","16","27","11","31","19","0","1","5","9","5","11","11","0","0","8","9","2","12","10","63","57","12","17","8","17","8","18","62","143","97","32","44","30","39","23","42","131","87","41","19","16","14","10","3","9","24","28","24","6","2","7","4","2","2","8"
"g18","V","102","1504","318","866","43","0","18","13","0","7","0","239","741","763","42","57","15","6","10","26","7","3","0","0","0","0","1","1","3","0","0","1","0","0","0","0","0","0","2","0","0","0","1","3","1","0","0","4","9","11","15","26","61","0","5","14","19","27","50","77","0","13","29","35","47","131","192","0","10","26","30","71","131","151","0","5","11","15","25","32","42","0","5","12","21","22","26","23","0","0","6","4","9","11","8","0","4","6","7","3","12","11","110","65","14","27","15","16","9","21","41","255","170","40","57","34","45","33","51","181","107","46","15","13","8","14","7","6","23","24","27","6","9","5","2","1","2","5"
"g18","V","103","924","190","531","29","2","13","6","0","1","0","152","460","464","22","32","19","5","9","17","3","2","0","0","2","0","2","1","0","0","0","0","1","0","0","2","0","0","0","0","0","0","0","2","0","0","0","6","9","3","10","16","31","0","7","9","11","17","34","37","0","11","21","38","38","72","92","0","8","21","28","52","58","92","0","6","13","14","11","18","19","0","2","11","12","9","19","18","0","1","5","1","5","9","11","0","0","2","5","4","3","5","46","34","10","4","2","20","6","14","54","126","82","15","39","25","25","15","39","165","61","23","12","10","8","7","2","10","19","22","8","3","7","0","3","0","3","5"
"g18","V","104","597","130","341","20","0","4","5","0","2","1","94","293","304","12","16","5","1","4","11","4","2","0","0","0","0","0","0","0","0","0","4","0","0","0","2","0","0","0","0","0","0","2","0","1","0","0","2","3","3","5","13","30","0","4","7","4","9","13","37","0","6","11","12","16","52","80","0","2","10","12","13","49","78","0","0","3","6","4","10","19","0","5","8","7","8","12","12","0","2","3","4","1","7","1","0","2","1","3","1","3","4","48","24","6","2","2","4","7","7","30","60","57","16","16","24","28","16","32","92","32","17","7","10","1","9","2","6","10","12","5","2","0","1","2","3","2","5"
"g18","V","105","459","101","238","15","0","3","7","0","4","0","91","218","241","11","9","4","1","4","9","1","2","0","0","0","0","0","0","0","0","0","3","5","0","0","0","0","0","1","1","0","0","0","0","0","0","0","1","4","4","2","6","19","0","1","6","7","14","13","24","0","7","7","8","18","38","40","0","3","9","6","20","33","49","0","2","5","3","5","14","14","0","3","9","5","9","12","10","0","0","7","4","1","4","5","0","0","1","1","1","2","3","28","15","5","10","3","2","6","2","30","45","39","10","17","12","10","16","17","72","25","22","6","8","2","7","3","7","11","7","7","2","3","2","3","1","2","2"
"g18","V","106","1130","235","677","25","1","15","6","0","2","0","169","557","573","34","40","14","3","6","24","6","5","0","1","1","0","0","1","0","0","0","0","0","0","0","2","2","1","0","0","0","0","1","5","1","0","0","5","8","6","20","14","48","0","5","8","11","16","46","48","0","17","22","47","42","82","139","0","8","19","40","42","99","120","0","4","8","12","12","29","20","0","5","13","12","19","19","16","0","3","0","5","2","7","5","0","2","4","2","2","8","9","52","43","10","17","9","25","7","16","56","147","119","36","49","27","48","28","62","161","56","33","10","11","10","17","2","15","15","20","12","5","2","4","0","1","0","5"
"g18","V","107","333","86","172","6","0","3","6","0","0","0","60","162","171","34","16","19","6","2","2","1","0","0","1","0","0","0","0","0","1","0","2","0","0","0","3","0","0","0","0","0","0","2","0","0","0","0","3","4","2","8","5","19","0","2","6","4","7","8","18","0","3","10","13","15","19","24","0","3","5","19","12","19","30","0","3","3","7","6","8","2","0","4","5","5","5","12","0","0","1","3","3","0","1","0","0","2","3","1","1","0","0","16","14","6","3","4","3","2","12","26","41","26","11","15","10","14","3","14","38","16","10","8","3","3","3","1","6","10","5","5","2","2","0","0","0","0","1"
"g18","V","108","928","330","332","20","4","17","4","0","4","0","217","420","508","78","31","53","11","12","16","9","0","0","0","0","0","0","0","0","0","0","0","0","0","2","1","1","0","0","0","0","0","2","4","2","1","0","12","29","14","15","18","40","0","14","26","19","33","52","58","0","7","13","11","25","42","67","0","6","16","7","13","48","77","0","7","16","20","18","19","20","0","10","25","23","25","19","15","0","4","3","7","3","6","4","0","0","4","4","3","5","6","123","77","13","13","12","12","8","17","55","90","57","13","22","11","11","12","21","95","93","47","6","17","8","11","4","13","18","22","10","0","5","1","6","1","1","3"
"g18","V","109","1280","341","661","33","0","11","7","0","2","0","225","604","676","44","47","22","5","17","31","5","1","0","2","0","0","0","0","1","0","3","0","1","0","1","1","0","0","0","0","0","0","2","6","3","0","0","9","10","12","18","20","66","0","7","12","21","23","39","104","0","13","17","40","47","68","140","0","6","24","33","61","58","154","0","4","17","17","22","19","37","0","7","12","15","13","23","39","0","3","4","5","4","7","5","0","3","4","2","5","6","5","113","57","15","20","13","25","22","20","56","150","108","40","43","32","49","45","57","137","77","51","12","20","10","12","17","8","18","26","9","3","8","1","2","2","0","2"
"g18","V","110","530","193","204","20","0","3","4","0","3","0","103","244","286","26","10","9","4","5","7","6","0","0","0","1","0","0","0","0","0","0","0","0","0","0","0","0","0","0","0","1","0","1","1","1","0","0","3","7","9","10","22","27","0","3","9","21","11","26","45","0","1","10","6","21","31","30","0","8","8","11","13","27","38","0","4","10","10","6","12","12","0","3","12","9","8","12","5","0","0","4","1","4","3","1","0","0","2","2","4","4","5","57","40","10","8","13","14","13","12","26","56","34","13","8","6","10","4","12","61","45","18","3","5","2","6","3","5","16","11","9","3","1","3","0","1","1","1"
"g18","V","111","545","177","224","15","0","6","8","0","6","0","109","234","311","25","14","23","5","8","14","1","2","0","0","0","0","2","1","0","0","1","2","1","0","1","1","0","0","0","0","0","1","2","0","0","0","0","3","6","5","3","19","25","0","6","16","14","16","30","34","0","3","9","7","13","30","44","0","1","8","9","21","37","42","0","0","6","7","8","11","13","0","2","13","8","12","17","12","0","3","2","4","2","2","9","0","1","4","5","1","1","1","59","45","3","10","8","7","7","5","33","49","47","8","14","11","8","8","14","65","40","18","6","8","11","10","2","1","13","17","11","3","1","1","0","0","0","2"
"g18","V","112","780","193","381","22","0","9","3","0","2","0","170","384","396","27","28","12","2","11","21","6","0","0","0","0","0","0","0","0","0","0","0","0","0","1","0","4","0","0","0","0","0","2","1","1","0","0","4","1","5","13","18","40","0","11","5","8","19","32","37","0","5","12","21","49","49","60","0","2","10","33","44","45","51","0","7","4","11","21","18","25","0","5","4","15","20","17","23","0","1","2","4","7","5","2","0","1","3","0","2","4","5","56","26","13","12","14","25","11","11","25","83","65","29","35","20","18","22","45","64","62","38","16","11","4","10","3","8","18","13","8","4","4","4","0","0","2","1"
"g18","V","113","534","166","232","18","1","3","8","0","0","0","106","264","270","18","15","12","4","12","13","3","2","0","0","0","0","0","0","0","0","0","0","0","0","0","0","0","0","0","0","0","0","0","0","0","0","0","8","2","7","7","20","24","0","3","5","6","18","27","39","0","6","5","13","26","27","40","0","7","7","13","19","27","42","0","4","10","12","9","11","15","0","3","6","13","3","12","8","0","2","3","6","1","3","3","0","1","2","3","1","2","3","36","24","2","12","10","13","6","12","51","43","24","11","19","9","10","12","21","83","33","19","2","6","9","9","1","5","22","15","6","0","1","2","2","0","1","3"
"g18","V","114","575","189","232","13","0","7","9","0","5","0","120","270","305","44","12","21","3","5","10","2","2","0","0","0","0","1","1","0","0","1","0","1","0","1","0","0","0","2","0","3","1","0","1","1","0","0","6","6","14","4","25","27","0","2","11","16","8","35","35","0","4","8","15","19","28","45","0","1","10","10","21","27","44","0","5","3","14","7","10","13","0","2","16","13","10","13","14","0","0","6","4","1","3","3","0","2","1","4","2","6","2","50","35","10","9","11","16","6","10","42","51","33","14","20","8","18","10","11","67","39","28","9","8","6","6","7","7","10","8","13","2","1","1","5","0","1","3"
"g18","V","115","620","188","277","16","1","2","13","0","2","0","121","290","330","36","22","21","4","8","2","6","0","1","0","1","0","1","0","2","0","1","0","1","0","0","0","0","0","0","0","0","0","0","2","1","1","0","2","9","16","7","20","26","0","5","12","15","11","27","38","0","6","13","19","24","41","33","0","7","10","16","24","36","48","0","4","12","10","9","8","12","0","0","17","9","12","13","15","0","0","3","5","2","7","2","0","1","5","3","2","3","1","50","27","14","10","9","10","5","13","50","66","58","10","14","13","27","4","14","71","51","22","8","11","4","8","3","1","13","10","8","2","5","0","3","0","0","6"
"g18","V","116","1298","415","572","33","2","14","12","0","2","1","247","587","711","66","35","21","9","15","21","3","4","0","0","0","0","0","0","0","0","0","1","2","0","0","0","0","0","0","0","0","0","5","2","3","2","0","9","10","13","18","36","77","0","11","26","21","25","53","116","0","7","17","31","53","55","115","0","6","21","24","44","70","129","0","4","12","18","17","21","37","0","8","16","20","19","21","54","0","2","6","7","5","5","12","0","2","3","2","4","5","11","137","73","13","22","29","32","10","33","66","134","100","21","41","33","35","50","63","95","98","43","14","16","14","17","4","16","25","22","11","9","7","2","3","2","1","7"
"g18","V","117","1281","368","585","32","2","22","12","0","7","1","252","596","685","66","48","35","13","14","21","10","3","0","0","0","0","1","2","0","0","0","0","2","0","1","3","2","0","3","2","4","0","1","2","3","0","0","11","12","15","23","30","56","0","11","17","21","43","43","86","0","14","13","32","59","67","105","0","11","14","32","61","71","106","0","6","22","18","22","28","26","0","5","17","18","26","27","37","0","1","5","8","3","1","19","0","2","5","5","4","12","11","98","77","11","16","16","27","16","30","77","121","109","23","39","31","48","32","40","142","90","47","13","16","15","23","13","16","19","31","15","8","9","1","3","3","1","5"
"g18","V","118","540","160","249","16","1","9","4","0","1","0","100","231","309","36","18","16","6","4","9","1","3","0","0","0","0","0","0","0","0","0","2","0","0","0","0","0","0","0","0","0","0","0","0","0","1","0","0","5","4","4","14","33","0","2","4","4","11","24","55","0","2","10","8","9","23","58","0","0","8","3","10","26","92","0","2","5","11","5","5","16","0","2","14","6","5","10","19","0","0","2","1","2","4","8","0","0","3","2","5","2","2","51","17","7","13","5","9","5","13","40","63","51","13","16","14","16","9","17","50","36","23","6","13","6","4","4","0","8","13","4","4","1","1","3","1","1","3"
"g18","V","119","536","184","202","21","2","4","5","0","1","0","117","251","285","66","27","30","4","1","5","3","1","1","0","0","0","0","0","2","0","0","0","0","0","0","1","1","1","0","0","0","0","3","0","2","1","0","6","16","8","12","17","18","0","7","12","13","17","21","37","0","4","14","12","19","26","34","0","5","6","13","10","28","31","0","2","11","7","5","11","9","0","4","17","13","12","11","15","0","0","4","5","5","2","4","0","1","4","1","2","3","2","64","31","8","10","3","12","6","8","42","69","39","4","9","8","7","10","9","47","47","18","9","11","0","9","2","9","12","13","9","3","2","3","2","0","1","0"
"g18","V","120","919","302","422","30","2","4","6","0","5","0","148","419","500","47","28","16","2","8","10","5","0","0","0","1","0","1","0","0","0","1","0","0","0","1","1","1","0","0","0","0","0","2","4","3","0","0","5","10","10","18","22","56","0","14","9","24","27","41","66","0","4","22","30","32","44","74","0","3","16","22","24","55","96","0","8","14","8","14","9","17","0","7","15","16","8","13","19","0","0","2","3","5","7","5","0","2","5","3","5","5","5","92","44","16","18","11","14","11","28","68","96","64","12","32","30","18","13","28","129","66","27","9","6","7","6","5","8","14","18","8","2","6","2","0","3","2","6"
"g18","V","121","745","223","350","19","1","10","5","0","1","0","136","350","395","21","25","11","5","23","18","3","1","0","0","0","0","0","0","1","0","0","0","0","0","1","0","0","0","0","3","2","0","2","2","0","0","0","7","13","11","12","14","34","0","9","13","21","19","31","39","0","9","17","21","33","43","43","0","8","20","19","44","39","54","0","4","8","17","12","19","13","0","4","10","15","15","10","9","0","3","1","3","3","8","2","0","1","1","5","4","2","3","73","39","11","15","8","15","12","16","34","92","61","17","31","11","19","17","33","69","51","25","17","8","4","10","3","6","12","17","8","3","0","2","2","2","1","1"
"g18","V","122","518","124","283","10","0","4","8","0","4","1","84","253","265","6","8","2","2","5","27","4","1","0","0","0","0","0","0","0","0","0","0","0","0","0","0","0","1","0","0","0","0","0","0","0","0","0","2","6","4","5","10","23","0","2","10","9","10","13","30","0","5","10","9","20","28","70","0","4","5","8","16","41","67","0","3","4","4","4","10","17","0","3","2","5","8","13","11","0","2","3","3","6","2","3","0","1","0","2","1","3","1","36","18","5","7","2","15","5","8","28","45","30","7","16","8","22","12","28","115","35","16","4","6","1","4","0","4","14","10","5","1","2","2","2","0","0","5"
"g18","V","123","1196","346","560","29","0","13","12","0","6","0","230","566","630","46","50","20","4","19","23","7","6","0","0","0","0","0","0","1","0","2","2","1","0","0","4","1","0","0","1","1","0","0","1","1","1","0","4","13","26","20","22","49","0","16","22","37","33","49","55","0","11","22","38","50","91","71","0","11","20","32","56","80","78","0","9","16","21","19","28","22","0","14","18","25","17","17","24","0","6","5","4","6","9","4","0","2","4","3","6","7","4","84","71","25","16","13","23","12","18","84","102","83","33","36","33","38","15","43","177","89","36","12","19","4","21","10","13","26","28","11","3","4","4","4","2","2","2"
"g18","V","124","1141","293","556","28","5","5","9","0","10","0","235","547","594","22","32","11","3","15","17","6","2","0","2","3","0","4","0","0","0","2","1","1","0","0","0","0","0","0","0","0","0","3","1","2","0","0","11","6","9","19","20","48","0","8","15","22","26","48","61","0","16","12","31","60","61","96","0","12","14","29","57","84","84","0","10","12","22","25","27","30","0","9","12","13","16","24","35","0","4","1","8","3","11","5","0","1","3","7","6","4","4","75","54","12","17","11","25","7","19","73","123","69","24","44","27","36","27","57","149","81","57","7","16","14","16","4","11","29","23","10","3","3","2","1","4","5","6"
"g18","V","125","957","306","434","25","2","5","8","0","2","0","175","428","529","36","22","12","4","9","11","7","4","0","0","1","0","1","0","0","0","2","0","0","0","1","0","0","0","0","0","0","0","0","3","1","1","0","6","14","20","14","22","36","0","9","18","34","25","61","47","0","16","12","37","40","46","62","0","7","16","30","49","54","65","0","7","10","13","20","16","14","0","8","17","15","22","14","19","0","2","6","3","3","6","3","0","1","2","3","4","4","5","99","48","7","30","17","17","8","19","61","116","81","23","30","20","20","12","26","106","69","36","14","9","5","8","7","6","21","22","12","1","2","0","1","0","1","3"
"g18","V","201","1210","513","407","30","2","11","9","0","8","0","230","560","650","32","15","14","5","26","14","8","0","0","0","1","0","1","1","0","0","4","1","0","0","2","0","1","0","0","1","1","0","2","2","0","1","0","6","5","9","16","45","131","0","5","7","12","23","72","182","0","2","2","3","11","29","146","0","4","4","2","8","40","156","0","6","7","8","6","28","67","0","2","8","3","9","27","59","0","1","3","3","3","4","19","0","1","1","2","0","13","10","153","75","30","38","28","33","28","29","99","63","76","19","22","16","22","20","27","142","82","25","17","15","18","18","8","13","34","22","8","9","8","4","2","2","0","5"
"g18","V","202","1115","528","285","33","1","14","6","0","13","0","235","510","605","49","10","20","2","32","8","11","5","0","0","1","0","1","0","0","0","2","0","0","0","1","0","0","0","0","1","0","0","2","2","4","0","0","5","14","9","20","50","119","0","5","15","12","21","79","179","0","2","5","4","12","23","89","0","1","6","6","19","38","80","0","6","9","9","16","28","56","0","7","7","13","18","24","42","0","1","1","3","1","11","17","0","2","2","2","1","9","17","126","88","29","41","25","35","14","35","135","70","40","16","10","8","11","14","17","99","79","48","19","12","11","12","5","17","32","21","11","9","7","3","6","1","3","6"
"g18","V","203","1103","495","315","35","0","23","9","0","11","1","214","507","596","39","8","13","5","31","20","10","2","0","0","0","0","2","0","0","0","4","1","0","0","0","0","1","0","0","0","0","0","0","0","0","0","0","1","7","2","12","36","140","0","5","7","8","18","73","186","0","2","2","2","4","30","122","0","1","0","2","6","33","111","0","3","6","5","7","16","72","0","2","9","2","8","34","50","0","1","3","1","2","9","22","0","0","1","1","2","12","25","118","70","31","41","22","29","19","38","127","57","33","27","21","15","16","8","21","117","80","32","20","12","4","20","14","7","25","19","17","12","4","4","3","2","2","16"
"g18","V","204","320","113","117","10","0","4","4","0","2","0","70","152","168","13","9","7","2","10","3","5","0","0","0","0","0","1","0","1","0","0","0","1","0","0","0","1","0","0","0","0","0","1","0","0","0","0","1","2","2","4","7","25","0","1","4","11","7","14","35","0","1","7","7","8","16","31","0","2","1","4","4","11","25","0","2","2","4","3","4","17","0","1","4","5","5","11","12","0","0","2","1","0","2","4","0","0","1","1","1","5","3","30","25","5","7","2","8","7","3","26","26","15","5","8","9","3","2","8","41","24","18","2","4","2","2","2","6","10","10","2","3","0","1","1","0","1","2"
"g18","V","205","761","280","278","23","2","8","7","1","9","1","152","360","401","16","8","8","2","19","7","4","3","0","0","0","0","3","2","1","0","1","0","0","0","2","0","0","0","0","2","1","0","0","2","1","0","0","4","9","10","11","29","49","0","4","16","16","16","50","66","0","3","7","5","10","39","71","0","6","3","4","9","37","84","0","5","10","12","12","17","34","0","3","11","10","8","11","19","0","1","2","2","6","3","9","0","1","2","2","1","10","12","73","41","11","18","13","21","3","28","72","57","45","14","18","24","7","17","23","73","55","32","5","13","5","8","9","7","18","18","4","4","3","6","2","2","2","10"
"g18","V","206","942","396","308","23","2","9","8","1","5","0","190","436","506","27","14","11","5","19","3","8","0","0","1","0","0","3","0","0","1","1","0","0","0","2","1","3","2","0","0","0","0","4","2","1","0","0","5","13","10","15","36","80","0","7","17","16","20","57","120","0","6","8","12","15","38","77","0","0","4","8","12","37","91","0","4","5","16","17","15","38","0","3","10","15","11","20","36","0","2","1","4","5","6","8","0","1","0","5","5","3","8","89","78","23","21","22","22","16","22","103","88","45","14","26","12","14","13","16","80","77","33","14","13","4","8","4","10","27","15","8","7","7","1","1","1","2","6"
"g18","V","207","815","329","263","22","1","12","3","1","6","0","178","395","420","16","14","6","0","18","2","4","0","1","0","0","0","0","0","1","0","0","0","0","0","0","0","0","0","0","0","0","0","0","1","1","0","0","4","14","19","19","27","69","0","3","16","24","20","32","82","0","4","6","11","19","35","58","0","0","5","10","13","32","70","0","4","8","11","13","20","32","0","4","9","13","15","19","30","0","2","1","1","6","5","7","0","0","2","6","5","4","6","105","53","19","28","14","23","11","12","64","76","39","12","21","10","15","4","18","68","61","26","6","22","4","9","4","14","32","15","7","4","3","2","3","3","0","8"
"g18","V","208","719","320","212","23","1","10","2","0","8","0","143","339","380","32","14","8","3","22","7","4","2","0","0","0","0","3","2","2","0","0","0","1","0","0","0","0","0","1","0","0","0","0","0","2","2","0","6","7","16","17","29","64","0","8","18","20","27","38","70","0","5","7","10","9","27","49","0","2","5","8","12","27","51","0","4","6","19","16","8","19","0","4","14","13","12","18","10","0","1","4","7","1","4","4","0","1","3","5","2","6","6","91","48","22","15","19","18","11","21","75","54","39","14","17","6","10","6","14","52","65","22","10","10","3","9","2","4","18","19","11","4","1","3","2","1","1","2"
"g18","V","209","688","298","206","13","0","5","9","1","5","0","151","329","359","20","8","10","4","22","12","10","1","0","0","0","0","0","1","0","0","1","0","1","0","0","1","0","0","0","0","0","0","4","4","0","0","0","5","9","12","16","26","53","0","4","12","17","23","49","72","0","1","3","6","10","21","62","0","1","2","5","7","25","63","0","9","12","8","17","13","30","0","2","10","8","10","17","15","0","1","0","2","3","2","8","0","1","3","2","2","2","7","92","39","20","23","13","13","14","24","60","53","34","19","7","7","8","6","16","56","60","28","9","16","7","5","6","6","14","12","8","5","0","2","3","0","1","2"
"g18","V","210","593","226","195","24","3","7","3","0","4","0","131","280","313","25","10","13","2","17","9","10","2","0","0","0","0","4","1","2","0","2","0","0","1","0","0","2","0","0","1","0","1","0","2","1","2","0","2","4","11","9","19","52","0","8","14","10","9","28","60","0","3","5","3","11","22","50","0","1","7","3","10","25","55","0","7","5","9","12","12","25","0","3","1","10","12","16","19","0","0","3","0","2","5","9","0","0","5","0","4","5","8","73","37","9","14","17","14","16","17","29","56","34","21","17","9","15","7","15","21","50","29","14","10","5","5","4","7","7","20","5","1","2","3","2","3","1","4"
"g18","V","211","732","298","221","21","1","14","12","0","10","0","155","352","380","20","11","15","1","7","13","2","1","0","0","0","0","0","1","0","0","2","0","0","0","2","0","1","0","0","0","0","0","5","1","4","0","0","4","14","11","10","26","60","0","5","4","14","11","39","100","0","4","7","6","10","35","49","0","1","4","7","10","30","58","0","4","12","11","9","22","19","0","8","8","9","13","19","21","0","1","4","7","4","8","15","0","0","5","0","3","7","4","100","57","17","13","10","15","7","13","66","62","35","17","15","9","13","3","10","57","73","26","7","7","8","12","4","3","15","31","11","4","4","2","2","1","0","3"
"g18","V","212","1060","457","285","29","7","13","5","0","11","2","251","477","583","31","14","13","4","22","11","8","3","0","2","0","0","2","1","1","1","1","0","3","0","2","0","1","2","0","0","0","0","3","0","0","0","0","4","15","14","12","41","78","0","9","28","29","28","70","129","0","5","4","8","11","44","61","0","6","3","6","15","40","82","0","7","16","17","21","33","48","0","5","11","16","13","27","37","0","2","6","1","4","9","16","0","4","6","2","6","5","6","140","90","25","37","22","25","12","25","81","54","62","21","23","12","16","10","13","74","101","43","15","23","13","12","6","14","24","28","14","4","5","3","4","3","2","4"
"g18","V","213","1006","448","308","21","2","16","5","0","10","0","196","452","554","37","15","10","3","22","15","14","0","0","0","0","0","1","1","0","0","0","0","0","1","0","0","1","0","0","0","0","0","3","2","0","0","0","5","8","9","19","46","95","0","7","12","14","20","66","147","0","1","1","2","9","24","97","0","2","2","7","8","37","118","0","2","10","11","7","23","50","0","6","5","9","15","25","33","0","1","5","4","4","4","15","0","1","2","2","2","4","10","127","60","24","33","19","28","24","36","97","83","60","15","14","7","20","7","17","85","64","37","13","17","8","17","6","10","24","17","13","5","5","3","2","0","4","5"
"g18","V","214","1262","611","274","31","1","15","14","0","24","2","290","608","654","50","15","26","5","36","4","13","6","2","0","0","0","4","3","0","0","3","0","1","0","3","0","1","0","1","0","0","0","11","3","10","1","0","10","21","46","40","44","105","0","8","32","61","48","72","124","0","4","8","17","17","36","59","0","4","11","12","18","37","51","0","12","32","26","33","24","28","0","13","24","21","25","28","24","0","4","4","11","7","11","9","0","2","4","5","8","10","12","154","98","24","40","27","31","27","43","167","54","32","17","14","8","22","14","10","103","120","40","17","12","6","24","13","13","45","23","16","5","6","7","3","1","8","18"
"g18","V","215","707","396","142","17","0","8","7","0","3","0","134","324","384","36","8","4","3","24","1","8","1","0","0","0","0","0","0","0","0","0","0","0","0","1","0","1","0","0","0","0","0","0","0","1","0","0","5","7","20","29","34","62","0","12","24","25","27","56","95","0","3","5","4","11","14","39","0","0","4","5","7","16","34","0","5","11","12","8","13","23","0","4","4","13","9","18","14","0","1","3","5","1","3","6","0","1","2","5","0","3","5","110","58","21","22","14","22","17","29","103","25","29","5","6","14","7","7","9","40","47","18","12","7","5","12","9","11","13","13","5","3","1","4","1","3","0","5"
"g18","V","216","649","314","162","14","3","7","2","0","5","0","142","311","338","18","7","10","4","13","3","10","1","0","0","0","0","0","0","1","0","2","2","0","0","0","1","2","1","0","0","0","0","3","2","0","0","0","4","10","18","13","42","43","0","7","16","17","23","46","75","0","5","5","9","7","20","39","0","2","4","3","11","20","37","0","6","17","14","15","8","20","0","6","8","12","10","12","14","0","0","2","1","5","5","3","0","1","0","5","3","6","0","84","52","24","13","14","14","10","15","88","25","26","6","13","6","11","1","10","64","51","18","5","13","14","8","6","9","18","9","6","4","1","3","1","1","1","5"
"g18","V","217","837","397","190","24","2","10","7","0","12","1","194","399","438","27","12","19","6","21","4","10","2","1","0","0","0","5","1","0","0","1","0","1","0","0","0","0","0","0","0","0","0","8","3","3","1","0","4","14","29","15","25","70","0","11","26","38","33","47","85","0","6","11","8","12","35","33","0","4","2","9","12","32","26","0","10","16","22","15","23","17","0","8","11","18","15","19","20","0","0","10","7","5","7","5","0","1","3","5","4","4","5","110","78","24","23","10","10","18","28","96","40","35","3","11","8","13","6","7","67","69","36","15","8","7","11","6","13","29","18","11","2","5","5","5","1","2","7"
"g18","V","218","1160","616","247","30","4","13","9","1","17","2","221","525","635","47","10","15","8","41","6","9","2","0","0","0","0","0","1","2","0","1","1","0","0","1","1","0","0","0","0","0","0","3","0","2","1","0","8","16","37","30","50","97","0","16","21","46","47","92","156","0","3","7","12","14","24","62","0","5","7","9","9","33","62","0","1","15","18","17","26","45","0","2","16","18","12","21","30","0","0","1","4","11","10","17","0","1","4","6","7","9","6","177","109","35","45","20","28","25","32","145","57","42","16","20","11","10","12","13","66","74","40","15","14","6","14","12","15","31","18","12","5","13","2","4","2","2","18"
"g18","V","219","545","244","185","16","1","6","5","0","3","0","85","232","313","13","3","6","3","17","4","6","3","0","0","0","0","1","0","1","0","3","0","1","0","0","0","0","0","0","0","0","0","1","0","0","0","0","0","1","4","7","26","52","0","1","2","10","10","26","105","0","1","1","2","5","16","59","0","0","1","1","4","28","67","0","2","3","3","4","6","25","0","0","0","2","4","9","27","0","1","2","1","1","4","6","0","0","1","2","1","3","9","60","43","12","16","11","16","12","25","49","41","19","6","9","11","12","7","19","61","30","13","7","8","2","6","5","1","13","7","13","1","4","0","4","0","1","1"
"g18","V","220","1296","680","262","32","2","19","14","0","13","1","273","617","679","54","10","21","2","44","6","9","3","0","1","1","0","4","2","6","0","3","1","5","4","0","0","0","0","0","0","0","0","10","2","2","0","0","9","18","36","35","70","113","0","19","38","44","47","97","154","0","3","10","10","17","41","61","0","3","9","9","17","31","51","0","8","16","26","21","27","52","0","7","14","22","19","31","30","0","2","5","5","9","13","10","0","2","3","5","8","10","9","171","132","31","40","24","40","25","35","182","55","35","19","14","15","20","11","15","78","86","60","16","20","8","17","8","17","41","21","19","4","6","5","5","0","3","18"
"g18","V","221","1093","511","267","27","2","12","12","2","11","0","249","511","582","23","12","14","5","26","15","12","4","1","0","0","0","0","3","1","0","1","0","1","0","1","1","1","0","0","0","0","0","2","0","1","0","0","5","9","18","14","50","111","0","5","14","28","34","83","140","0","3","3","11","13","27","82","0","2","5","6","13","32","70","0","7","8","22","15","22","59","0","8","15","16","9","23","45","0","0","4","4","5","6","13","0","3","5","6","3","10","7","137","73","30","23","17","36","26","37","132","46","45","14","19","23","18","7","14","81","88","37","16","14","16","12","8","7","51","28","9","7","4","4","5","3","1","5"
"g18","V","222","823","346","264","14","3","6","6","0","1","0","183","420","403","14","8","19","3","20","8","7","0","0","1","0","0","0","0","2","1","9","1","6","0","1","0","0","0","1","3","0","0","0","0","2","0","0","32","14","17","19","28","57","0","32","7","21","16","39","64","0","15","5","12","10","23","67","0","3","4","12","10","28","75","0","30","9","13","17","13","20","0","25","5","7","14","12","18","0","8","4","1","0","3","3","0","3","1","3","2","0","2","109","43","18","16","17","19","19","15","90","45","24","6","27","9","9","4","15","125","85","26","8","9","7","12","5","7","24","14","7","4","1","0","1","1","1","1"
"g18","V","223","924","466","179","21","2","12","12","0","8","0","224","487","437","38","6","19","2","21","10","6","1","0","0","1","0","5","4","2","1","3","0","2","0","2","2","2","0","5","0","0","0","3","0","1","0","0","77","17","24","22","24","54","0","64","19","35","28","33","69","0","28","6","12","7","30","17","0","10","7","11","8","18","25","0","45","16","24","18","14","16","0","24","16","17","16","5","13","0","16","4","4","4","7","1","0","6","3","2","4","1","3","197","72","22","27","10","23","8","12","95","50","32","7","8","4","4","4","5","65","115","32","8","15","5","9","5","12","23","27","16","3","0","1","0","0","0","8"
"g18","V","224","933","416","273","20","2","14","4","0","5","0","199","461","472","27","18","10","2","14","8","3","3","1","2","0","0","1","0","2","0","5","5","8","2","3","2","1","0","0","0","0","0","2","1","2","0","0","17","14","18","19","40","69","0","13","27","31","29","51","88","0","8","17","15","12","28","72","0","3","7","10","10","31","60","0","14","12","18","7","17","36","0","8","14","11","14","17","31","0","4","2","7","4","5","6","0","1","1","1","4","4","6","115","63","27","27","14","5","16","22","127","52","36","6","19","13","9","5","15","118","65","33","12","15","5","13","6","8","42","16","10","3","6","1","3","0","4","2"
"g18","V","225","1028","484","215","35","2","13","15","0","3","1","260","524","504","62","7","20","13","17","5","8","2","2","2","0","0","0","2","2","0","6","1","6","2","0","1","3","0","1","0","1","0","10","4","3","0","0","28","41","39","16","23","61","0","31","45","40","32","44","84","0","8","22","17","17","25","38","0","4","15","8","11","14","36","0","35","42","28","14","12","20","0","20","23","23","11","10","22","0","7","6","5","5","7","8","0","5","6","6","6","2","6","169","90","29","20","15","19","7","32","103","63","23","7","16","12","8","7","14","65","119","43","12","11","11","17","8","11","28","28","15","5","6","4","3","1","3","4"
"g18","V","226","847","413","84","16","2","35","9","0","6","0","282","430","417","63","4","23","6","24","5","17","2","1","0","4","0","5","1","1","0","12","1","16","2","12","1","5","4","5","0","0","1","6","1","6","0","0","145","8","9","6","3","2","1","208","5","10","12","2","2","0","54","0","1","1","1","1","0","23","1","0","1","1","0","0","142","2","8","4","4","0","0","108","3","2","8","1","0","0","36","2","0","1","0","0","0","28","1","0","0","0","0","327","57","7","5","3","12","2","0","0","63","15","1","1","0","1","1","0","2","235","35","2","1","1","7","0","0","1","61","6","1","0","0","0","0","0","0"
"g18","V","301","676","301","192","12","0","5","4","0","4","0","158","318","358","26","8","16","2","24","8","9","2","1","1","0","0","2","2","1","1","1","0","0","0","12","1","3","2","0","1","1","0","0","1","0","0","0","4","11","11","14","16","66","0","12","14","9","22","36","86","0","4","8","12","13","26","36","0","1","3","3","12","19","55","0","5","17","10","17","14","21","0","5","11","12","8","19","19","0","3","2","2","2","3","1","0","0","0","3","1","5","3","100","46","13","20","9","17","8","17","71","43","28","7","20","11","12","13","8","50","79","19","11","6","5","7","5","11","15","12","8","0","3","1","1","0","0","0"
"g18","V","302","505","242","116","9","2","4","3","0","5","0","124","239","266","40","6","17","1","17","1","7","1","2","1","0","0","0","0","0","0","2","0","4","0","1","0","0","0","0","1","3","0","5","2","5","2","0","6","20","20","19","11","18","0","17","27","27","30","21","26","0","5","7","9","18","11","11","0","4","6","8","16","6","15","0","19","26","10","7","7","3","0","7","15","12","10","6","2","0","1","2","4","4","1","0","0","2","3","2","1","1","2","93","55","14","23","10","9","3","22","13","40","20","5","8","7","4","2","20","10","68","23","6","4","3","6","1","10","3","12","3","2","3","1","1","0","1","0"
"g18","V","303","803","382","220","25","3","8","3","0","5","0","157","351","452","48","14","15","1","25","5","12","3","0","2","0","0","0","6","1","0","6","1","3","0","2","0","2","0","1","1","0","0","4","2","2","0","0","10","21","21","16","29","56","0","9","28","22","28","48","94","0","3","7","7","17","35","41","0","5","4","11","19","26","45","0","6","10","11","9","12","17","0","9","12","10","15","21","25","0","3","4","2","3","6","5","0","1","2","1","4","4","9","127","64","16","20","9","22","13","19","92","43","35","12","20","7","15","6","16","66","65","23","14","12","5","8","1","5","24","16","9","2","4","1","2","2","3","5"
"g18","V","304","956","437","255","31","0","10","6","0","7","1","209","449","507","44","15","19","1","15","7","6","3","0","1","0","0","1","2","1","0","9","3","4","0","3","0","2","0","1","1","0","0","3","1","1","0","0","2","22","27","27","28","68","0","8","44","24","18","50","119","0","4","12","17","18","35","52","0","2","11","12","7","22","63","0","5","19","17","12","26","25","0","7","16","11","15","25","31","0","3","5","3","4","9","9","0","0","1","3","4","6","8","147","108","15","14","21","25","10","34","63","85","64","7","20","7","11","3","9","49","98","55","10","12","10","5","3","7","9","21","9","7","4","1","2","2","1","8"
"g18","V","305","843","436","144","22","1","9","9","0","3","0","219","416","427","46","14","19","4","22","6","9","3","2","0","1","0","2","2","0","0","3","2","3","0","0","0","1","0","0","0","2","0","5","0","1","0","0","15","21","36","32","39","52","0","12","40","51","34","42","62","0","5","21","11","10","17","17","0","3","16","7","8","17","12","0","7","35","25","21","13","17","0","7","36","18","13","12","15","0","4","4","2","7","2","3","0","2","6","2","2","4","6","183","79","18","30","16","21","3","20","66","63","20","6","13","3","5","4","1","29","116","34","7","21","9","6","5","6","15","17","7","5","2","3","3","1","2","4"
"g18","V","306","749","324","209","19","0","10","6","0","4","0","177","364","385","19","12","4","2","23","10","11","2","0","1","3","1","0","1","0","0","3","1","2","0","1","1","0","0","0","0","0","0","0","0","0","0","0","12","10","11","21","34","41","0","18","12","21","41","47","56","0","2","10","14","21","31","30","0","4","5","15","21","34","22","0","12","18","8","23","25","20","0","5","7","10","21","15","13","0","2","2","2","5","7","3","0","3","2","3","4","5","1","93","43","19","18","9","19","15","22","86","36","29","9","20","1","9","9","15","81","55","29","11","18","5","11","7","10","31","15","10","2","2","2","2","0","1","5"
"g18","V","307","495","228","125","15","0","6","6","0","2","0","113","233","262","41","10","9","2","6","2","5","2","0","0","0","0","3","3","0","0","4","2","3","0","0","0","0","0","0","0","1","1","1","0","0","0","0","13","19","8","8","21","31","0","10","30","18","11","26","33","0","3","8","4","7","18","21","0","5","3","5","7","14","30","0","5","16","14","9","5","8","0","10","10","10","5","8","13","0","2","2","3","3","4","1","0","1","0","2","4","3","4","83","37","5","14","4","9","7","13","56","38","12","7","9","8","3","3","7","38","51","16","5","6","4","10","7","2","12","11","7","1","4","1","2","0","1","2"
"g18","V","308","1029","502","278","24","0","9","9","0","4","0","203","475","554","26","15","12","0","32","14","4","2","0","0","1","0","1","6","2","0","3","3","2","0","5","0","1","2","0","0","0","0","1","1","3","0","0","13","21","28","29","56","61","0","24","24","32","44","79","91","1","6","11","9","25","47","41","0","6","9","10","25","45","43","0","8","17","17","23","17","20","0","9","16","16","19","22","19","0","2","5","4","3","8","3","0","1","3","2","4","4","7","139","70","26","30","20","27","28","37","125","54","32","13","31","18","12","13","19","86","83","39","14","13","5","11","2","8","28","9","13","2","5","1","4","0","3","9"
"g18","V","309","747","368","197","17","1","9","3","0","3","0","149","354","393","22","4","8","3","31","10","13","2","0","0","0","0","4","1","1","0","2","0","2","0","3","0","1","0","0","1","1","0","4","2","1","0","0","11","19","13","14","22","59","0","11","22","21","28","30","118","0","7","5","19","12","20","42","0","1","8","9","9","16","49","0","12","16","16","13","18","21","0","1","15","10","6","4","17","0","2","1","3","3","3","3","0","1","4","1","4","3","5","108","54","20","24","13","32","10","17","90","46","37","8","16","3","9","10","10","58","66","32","6","7","4","11","3","9","11","14","5","2","1","5","0","1","3","2"
"g18","V","310","688","338","157","23","0","7","4","0","4","0","155","329","359","20","5","11","3","26","2","11","1","0","0","0","0","5","3","1","0","3","0","0","0","4","1","0","1","3","0","0","0","3","2","1","0","0","12","13","28","15","30","58","0","18","23","26","22","28","65","0","3","4","10","13","19","29","0","2","5","8","13","12","39","0","4","13","11","12","13","20","0","5","10","17","13","19","18","0","4","2","3","4","4","5","0","1","3","3","2","1","6","95","52","15","30","14","15","14","17","86","39","16","7","15","7","6","2","9","56","46","31","10","15","5","8","4","9","27","13","7","4","3","3","2","0","1","5"
"g18","V","311","834","436","158","15","1","7","5","1","4","0","207","416","418","45","5","17","1","16","4","7","2","0","2","3","0","0","0","0","0","8","1","3","0","0","0","0","0","0","0","2","0","2","3","0","0","0","8","29","34","25","36","59","0","13","45","35","41","36","75","0","6","12","8","12","21","33","0","7","10","8","3","12","26","0","14","30","24","15","14","21","0","7","17","21","17","11","16","0","2","3","4","1","3","2","0","1","1","6","2","6","2","144","89","31","28","12","21","14","14","83","38","27","6","7","7","7","2","10","54","89","34","7","20","11","5","13","14","14","14","7","2","2","3","1","2","1","1"
"g18","V","312","710","375","83","12","0","6","11","0","7","0","216","374","336","48","7","20","2","17","3","6","1","0","0","2","0","1","0","0","0","2","1","1","0","3","0","2","0","0","0","1","0","0","3","1","0","0","36","49","23","25","26","23","0","24","61","35","23","23","27","0","2","5","12","3","18","12","0","2","5","4","5","9","6","0","12","44","30","11","10","15","0","11","33","19","12","9","10","0","0","7","6","0","3","2","0","0","6","4","5","0","3","187","73","14","17","9","7","12","13","43","25","21","4","8","2","6","1","1","15","118","33","14","15","2","7","4","9","14","19","9","3","2","1","0","1","0","1"
"g18","V","313","773","418","127","12","0","12","6","0","10","1","187","392","381","34","4","17","3","20","9","11","4","2","0","0","0","0","0","0","0","3","0","3","0","1","0","1","0","0","0","0","0","2","1","3","0","0","22","43","29","29","31","42","0","19","50","28","25","44","56","0","3","8","14","10","14","22","0","1","15","6","6","11","17","0","15","39","20","9","14","7","0","10","22","17","12","5","17","0","1","5","3","1","6","5","0","2","7","3","3","2","3","181","81","20","22","12","22","6","27","47","47","22","6","11","7","2","2","11","19","103","35","8","9","5","7","4","4","12","24","3","0","3","1","2","1","2","5"
"g18","V","314","692","378","115","23","2","4","3","0","11","0","156","343","349","18","8","14","4","18","4","8","0","0","0","0","0","1","0","1","0","2","1","1","1","3","0","1","0","0","1","0","0","1","0","2","0","0","24","27","21","22","30","48","0","24","30","28","26","38","60","0","4","5","9","8","14","14","0","6","6","3","10","19","17","0","18","22","20","8","11","14","0","7","19","12","8","8","9","0","4","3","1","5","3","8","0","2","5","3","2","2","5","148","60","17","21","10","17","11","25","69","33","16","6","9","4","8","3","7","29","80","25","12","11","5","4","1","7","11","19","11","4","2","3","0","0","2","2"
"g18","V","315","1311","691","277","24","2","10","8","0","11","1","287","625","686","43","18","21","3","53","16","12","1","0","0","1","0","4","0","1","1","4","1","2","0","2","0","1","0","2","0","1","0","1","4","1","0","0","25","47","34","42","63","90","0","30","60","51","45","77","127","0","11","18","12","18","31","51","0","8","10","16","13","30","59","0","20","34","26","23","18","33","0","14","35","23","20","15","26","0","1","5","5","5","1","12","0","2","1","5","6","4","9","244","126","31","50","33","26","17","27","137","72","35","19","14","12","15","7","16","87","129","42","21","18","13","18","10","14","22","20","15","3","2","2","3","2","3","6"
"g18","V","316","965","272","456","24","0","8","8","0","4","0","193","470","495","10","21","3","0","18","19","11","0","1","2","2","0","3","1","1","0","3","2","3","0","1","0","2","0","1","1","0","0","3","4","1","0","0","5","10","9","13","22","57","0","10","11","19","19","35","62","0","2","14","15","28","45","128","0","4","8","15","31","51","115","0","8","13","13","18","15","33","0","5","8","19","15","15","31","0","3","2","3","6","3","5","0","3","4","1","5","5","4","76","36","19","14","8","16","6","13","84","76","46","22","26","16","23","13","36","198","77","28","13","15","11","17","4","3","25","14","8","7","4","3","2","0","0","6"
"g18","V","317","1319","512","446","33","1","19","15","0","9","0","284","629","690","23","11","11","3","35","17","15","3","0","0","0","0","2","0","1","0","0","2","5","1","0","0","2","1","0","0","1","0","1","1","1","0","0","6","12","16","26","34","112","0","12","21","17","31","68","157","0","4","9","11","19","51","132","0","0","7","11","15","63","124","0","6","12","13","22","38","65","0","2","14","11","19","35","47","0","3","0","3","4","13","18","0","2","2","4","6","13","9","149","81","19","35","30","35","17","44","102","102","80","24","28","17","15","30","31","119","85","47","19","27","18","19","5","18","46","28","19","7","7","3","4","0","5","4"
"g18","V","318","1194","451","422","25","1","12","10","0","3","0","270","561","633","27","16","14","1","38","18","9","2","0","0","0","0","0","0","0","0","0","5","1","0","2","0","1","0","0","0","1","0","3","2","2","1","0","11","19","16","21","28","90","0","12","24","22","36","73","99","0","4","11","10","21","64","97","0","2","8","8","24","62","111","0","5","23","10","21","34","49","0","6","18","20","28","28","28","0","2","1","2","6","8","8","0","3","3","5","6","2","5","153","76","28","24","23","26","11","18","92","90","56","12","40","22","26","13","23","140","111","45","16","17","15","16","6","18","26","21","11","1","8","3","1","1","3","2"
"g18","V","319","695","224","277","13","2","9","8","0","3","1","158","341","354","23","16","6","1","7","6","10","2","0","0","1","0","2","0","0","0","1","0","0","1","2","0","1","0","0","0","0","0","1","3","3","0","0","2","14","5","10","25","43","0","5","14","12","11","33","50","0","3","9","7","18","41","54","0","7","8","6","22","31","71","0","7","15","18","5","14","30","0","3","5","8","9","21","23","0","3","0","3","4","4","7","0","0","4","2","3","3","3","82","40","9","15","7","12","4","18","37","90","52","27","12","10","16","8","12","50","65","34","9","15","4","7","3","8","13","15","4","3","7","2","4","0","0","1"
"g18","V","320","852","302","323","27","1","4","7","0","4","0","184","412","440","29","21","18","3","14","5","5","1","0","2","0","0","1","2","0","0","6","2","0","0","3","0","0","0","0","0","1","0","0","2","2","0","0","8","13","16","21","23","46","0","12","23","22","21","35","62","0","4","11","13","26","43","67","0","4","10","10","15","47","73","0","4","17","15","15","19","26","0","4","11","13","17","18","25","0","3","5","2","7","3","5","0","2","3","1","3","7","2","116","49","23","15","5","18","6","22","48","84","62","23","25","11","13","9","17","79","87","35","15","10","5","9","1","8","14","17","7","5","6","0","4","0","0","4"
"g18","V","321","768","230","364","19","0","12","3","0","2","0","138","370","398","25","25","9","2","13","14","9","2","2","0","1","0","1","2","1","0","2","0","1","0","0","2","3","0","0","0","1","0","2","4","3","0","0","6","12","7","12","18","40","0","8","10","11","18","27","61","0","10","11","4","16","47","90","0","3","3","9","21","57","93","0","5","4","8","15","13","30","0","1","4","7","7","16","28","0","1","3","3","5","4","6","0","1","2","3","2","4","2","84","41","11","9","10","11","3","13","48","93","57","18","22","12","15","10","22","115","61","23","7","7","5","5","9","3","18","10","6","7","4","3","1","1","2","2"
"g18","V","322","987","322","421","32","3","9","3","0","4","1","192","444","543","21","20","10","2","15","16","9","0","2","1","0","0","1","0","0","0","1","4","5","0","2","5","2","0","0","0","1","0","3","4","3","2","0","5","6","7","6","20","78","0","3","13","23","16","35","110","0","7","6","9","29","41","114","0","3","7","8","20","36","141","0","2","12","10","19","17","33","0","7","10","11","11","22","38","0","0","0","5","8","0","10","0","1","2","3","2","9","12","107","48","17","15","14","19","9","24","69","122","87","25","25","16","26","15","24","81","80","39","11","17","10","4","7","6","18","25","13","1","3","1","2","0","2","5"
"g18","V","323","1189","442","434","41","2","10","7","0","4","1","248","545","644","48","22","31","5","14","15","7","3","1","0","0","0","2","0","1","0","1","2","3","0","2","5","1","0","1","0","0","0","6","3","4","0","0","11","19","15","19","36","76","0","13","28","30","36","62","97","0","5","13","20","37","59","87","0","8","7","15","37","68","78","0","8","15","21","15","30","30","0","4","11","23","18","33","40","0","1","5","5","7","6","5","0","3","7","4","1","11","10","133","66","29","34","22","21","12","23","102","108","82","34","26","23","22","9","27","103","90","43","28","13","11","17","5","9","32","26","11","4","7","3","6","0","5","3"
"g18","V","324","553","233","180","20","1","5","3","0","4","1","106","255","298","45","13","25","5","6","11","4","0","0","0","0","0","1","0","2","0","1","0","0","1","1","1","1","0","0","1","1","0","3","2","1","0","0","6","11","18","14","21","25","0","9","18","21","17","35","38","0","1","8","5","14","23","32","0","2","6","5","20","28","36","0","2","10","11","11","13","13","0","1","8","3","8","16","10","0","2","1","2","4","4","4","0","0","4","4","2","5","2","87","35","6","16","9","14","4","13","49","48","34","6","13","11","11","6","11","40","50","21","5","7","3","6","2","4","8","8","12","1","2","3","0","0","1","7"
"g18","V","325","654","267","204","20","1","4","7","0","3","0","148","300","354","41","10","19","2","10","12","10","1","0","0","1","1","2","4","0","0","3","1","2","0","0","1","0","0","1","2","1","0","7","1","0","0","0","7","10","16","17","22","40","0","4","17","17","23","34","60","0","2","10","9","21","21","35","0","2","9","10","20","30","35","0","3","8","15","14","13","17","0","5","14","12","13","15","19","0","3","3","1","2","6","5","0","0","0","4","3","2","6","88","52","16","18","16","6","5","13","53","50","34","12","13","15","14","5","14","47","64","23","9","9","4","11","8","6","14","12","9","4","3","0","2","0","1","4"
"g18","V","326","511","215","143","11","1","5","8","0","4","0","124","259","252","66","30","20","8","6","1","11","0","0","0","0","0","3","0","1","0","0","1","1","0","2","0","0","0","2","1","1","0","7","2","1","0","0","7","11","16","19","19","19","0","6","15","20","19","30","34","0","3","5","8","15","20","26","0","0","9","5","10","23","19","0","7","17","13","14","12","13","0","1","12","10","8","9","8","0","2","5","6","0","2","0","0","2","4","6","1","1","0","77","43","12","17","6","15","9","11","25","43","41","10","6","4","6","8","5","20","62","26","5","8","3","7","0","4","9","9","12","3","2","0","0","0","0","3"
"g18","V","327","614","240","180","15","1","8","11","0","3","0","156","281","333","63","26","29","5","10","4","5","0","0","0","0","0","2","0","1","0","2","1","3","0","0","1","0","0","1","0","0","0","6","4","3","0","0","4","10","16","17","29","25","0","8","20","23","16","39","33","0","3","15","16","17","22","20","0","1","8","11","14","28","25","0","4","14","16","9","11","11","0","4","24","17","11","13","22","0","1","2","4","3","5","7","0","0","3","2","4","4","3","79","51","14","9","13","11","12","7","44","56","42","12","12","7","7","4","9","31","63","31","14","10","6","7","4","7","14","13","6","6","2","2","1","1","1","6"
"g18","V","328","1259","480","441","56","4","10","12","0","7","0","249","598","661","80","46","31","12","14","11","11","2","0","0","0","0","1","1","2","0","0","2","3","0","5","0","0","0","2","1","0","0","12","9","5","5","0","6","23","22","32","46","76","0","9","25","24","44","58","115","0","12","17","28","32","54","74","0","4","16","24","35","64","81","0","12","18","25","23","28","23","0","9","16","19","19","32","25","0","5","4","8","8","12","10","0","3","10","5","9","10","5","141","81","36","24","16","17","17","35","113","119","86","26","25","17","22","10","32","104","83","42","23","21","10","19","8","13","30","40","21","5","8","4","3","0","2","6"
"g18","V","329","868","300","369","24","1","7","2","0","4","0","161","420","448","19","16","12","0","15","14","4","3","0","1","0","0","0","1","0","0","2","0","0","0","0","0","0","0","0","0","0","0","1","1","1","0","0","8","5","10","19","26","69","0","4","12","12","16","49","70","0","13","13","15","18","44","76","0","5","5","20","25","51","84","0","6","16","8","8","19","29","0","3","11","7","11","22","21","0","2","3","1","4","1","7","0","0","4","3","3","2","8","78","47","10","16","9","14","8","20","98","54","60","23","25","13","19","9","24","142","54","22","8","18","8","7","5","12","27","18","3","2","5","0","1","2","1","6"
"g18","V","330","555","162","250","17","1","3","8","0","4","0","110","276","279","4","9","9","1","8","2","3","0","0","0","0","0","1","3","2","1","0","2","1","0","0","0","0","0","0","0","0","0","3","2","0","1","0","2","12","4","6","13","29","0","4","6","12","11","25","38","0","8","8","5","17","42","52","0","4","4","9","19","37","45","0","6","6","7","7","18","18","0","2","8","6","10","12","10","0","3","2","1","1","3","6","0","2","3","1","2","4","5","31","29","6","8","10","15","6","14","43","46","39","10","19","11","11","3","21","90","37","25","5","7","9","6","2","6","13","12","12","2","0","0","0","2","1","4"
"g18","V","401","974","327","405","19","1","8","2","0","3","1","208","472","502","17","24","14","1","20","15","9","2","1","1","0","0","3","3","1","0","4","2","4","0","6","0","3","0","0","0","0","1","0","0","0","0","0","11","15","13","12","27","58","0","3","15","15","19","53","86","0","8","9","11","29","57","89","0","9","9","19","22","55","88","0","8","15","12","13","25","40","0","7","9","11","16","21","31","0","2","1","1","3","5","8","0","1","1","2","2","3","5","103","47","20","18","13","20","7","20","79","85","51","33","21","19","24","5","29","138","82","29","9","17","11","12","8","12","28","9","14","3","2","1","1","0","1","3"
"g18","V","402","943","293","415","24","1","13","12","0","2","1","182","455","488","31","16","18","4","22","14","11","2","3","0","1","0","0","1","4","0","4","5","3","0","4","0","0","0","0","0","0","0","3","4","1","0","0","14","6","13","11","16","61","0","12","8","19","26","36","71","0","9","8","19","27","49","88","0","4","9","16","21","71","94","0","8","8","12","14","22","43","0","4","5","9","12","23","22","0","0","3","5","5","8","6","0","1","2","7","5","4","7","87","43","18","16","7","18","5","15","84","75","56","24","19","16","23","20","28","154","60","34","16","6","5","8","6","18","29","18","12","5","5","2","2","0","0","9"
"g18","V","403","1233","409","536","27","1","9","12","0","7","0","232","579","654","26","16","9","3","24","33","7","5","0","0","0","0","3","10","1","0","3","0","2","0","3","1","0","1","0","0","0","0","2","5","2","0","0","11","15","21","24","31","70","0","6","21","25","28","71","86","0","12","10","23","38","59","121","0","7","17","27","44","65","113","0","10","21","17","8","16","35","0","14","24","28","14","14","31","0","1","4","3","9","8","12","0","2","3","1","4","2","7","89","51","30","25","15","21","16","29","133","90","77","28","39","22","23","16","45","196","82","44","18","22","10","13","4","8","31","22","7","4","6","4","0","1","3","9"
"g18","V","404","715","266","285","16","0","8","10","0","5","2","123","336","379","16","22","4","3","17","11","9","1","0","0","2","0","0","3","0","0","0","0","1","0","1","0","0","0","0","0","0","1","2","4","1","0","0","6","6","16","16","20","48","0","5","12","25","21","38","53","0","3","8","14","27","38","47","0","2","10","14","28","29","65","0","5","10","16","12","8","14","0","2","7","10","10","14","15","0","2","0","7","3","6","4","0","0","2","4","3","5","5","65","40","19","20","8","18","10","11","75","63","39","21","27","10","20","4","16","85","47","25","11","9","5","5","3","5","13","16","5","4","1","0","2","2","1","10"
"g18","V","405","551","151","263","22","0","11","5","0","2","0","97","252","299","16","17","10","1","8","8","1","2","0","0","0","0","0","0","0","0","0","0","0","1","0","0","0","0","0","0","0","0","0","2","0","0","0","0","4","3","4","8","35","0","1","3","5","4","14","70","0","0","2","5","4","21","92","0","1","5","4","4","20","105","0","2","3","3","5","12","28","0","3","2","2","4","11","22","0","1","1","0","0","5","14","0","0","0","1","3","3","12","40","24","8","10","7","11","9","12","30","64","56","15","15","8","12","16","13","64","35","16","7","10","4","5","1","6","13","14","7","2","3","4","2","3","1","4"
"g18","V","406","476","165","199","9","1","2","6","0","3","0","91","232","244","16","15","6","2","5","5","1","0","1","0","0","0","1","6","0","0","0","1","0","0","6","0","3","0","0","0","0","0","4","1","4","0","0","6","4","10","11","11","34","0","6","6","10","15","23","29","0","5","7","10","20","19","38","0","8","3","8","20","22","39","0","5","2","9","9","11","10","0","3","10","11","10","6","5","0","2","0","3","0","3","3","0","1","1","2","3","2","1","35","20","7","11","7","8","7","13","57","45","30","7","9","10","15","5","16","62","30","24","6","6","2","7","2","1","13","6","6","1","2","2","0","0","0","4"
"g18","V","407","617","246","193","21","0","10","3","0","1","0","143","301","316","39","18","19","4","11","7","1","1","0","0","0","1","3","1","1","0","4","0","1","1","0","0","0","0","0","0","0","0","4","5","2","0","0","11","10","12","16","15","30","0","10","18","19","18","31","56","0","4","11","13","22","24","33","0","1","6","9","8","25","37","0","7","11","14","14","16","20","0","4","9","16","9","9","14","0","2","6","6","0","3","1","0","1","1","5","3","6","1","87","38","2","26","10","18","3","16","46","47","39","18","15","5","15","3","10","41","63","15","17","12","6","5","4","6","15","15","7","3","2","1","3","1","0","3"
"g18","V","408","709","260","254","24","0","7","7","0","1","0","156","327","382","36","15","14","7","13","13","4","0","0","0","0","0","2","1","0","0","2","1","6","2","4","1","1","0","0","0","0","0","5","6","3","0","0","7","16","12","18","17","33","0","4","21","23","13","40","56","0","5","5","20","18","30","44","0","5","14","20","28","23","42","0","4","11","22","15","20","10","0","5","17","13","17","13","9","0","1","3","3","3","4","6","0","0","2","4","4","4","5","99","42","9","19","12","18","13","7","41","66","60","13","16","12","13","6","27","41","59","28","11","14","7","6","4","5","22","9","12","2","4","2","0","1","5","4"
"g18","V","409","687","247","267","24","2","9","5","1","2","0","130","296","391","31","18","16","7","21","12","3","1","0","0","0","0","2","0","2","0","1","2","1","0","0","0","0","0","1","0","1","0","0","8","0","0","0","5","6","8","17","23","36","0","4","4","21","13","37","73","0","9","5","7","10","35","51","0","5","7","12","12","35","79","0","5","5","21","11","12","10","0","1","10","7","10","13","25","0","1","1","6","2","5","5","0","1","5","3","2","8","4","63","39","14","20","8","18","11","7","67","59","50","15","14","13","7","6","23","80","49","21","11","15","4","12","1","8","9","12","16","1","3","1","2","1","1","6"
"g18","V","410","1135","411","428","29","2","11","10","0","3","1","240","534","601","41","27","17","4","14","23","4","5","0","0","0","0","3","2","3","0","2","2","3","0","0","1","0","1","0","0","0","0","10","9","3","0","0","13","9","22","22","33","67","0","17","19","29","36","59","85","0","10","16","32","37","54","76","0","6","11","23","42","45","76","0","10","17","11","18","29","27","0","9","22","28","26","22","21","0","3","3","7","5","7","6","0","1","3","3","3","6","9","97","64","17","20","15","31","14","32","121","81","80","19","32","17","25","17","24","133","82","37","16","23","7","13","8","14","40","17","12","5","4","8","3","0","2","5"
"g18","V","411","570","202","213","17","1","5","3","0","4","1","124","242","328","44","23","13","2","6","5","3","0","0","0","0","0","0","3","0","0","2","0","3","0","2","0","0","0","0","0","1","0","1","0","3","0","0","5","11","13","8","13","29","0","8","15","17","20","23","40","0","3","12","13","14","21","28","0","1","12","15","15","30","49","0","5","9","16","8","12","11","0","1","15","12","7","12","16","0","2","4","0","2","2","1","0","2","3","4","1","4","6","65","33","7","12","7","12","6","17","43","65","42","10","6","10","11","3","15","51","45","28","5","8","5","13","3","5","12","15","6","1","0","2","0","2","2","3"
"g18","V","412","601","215","207","21","1","11","6","0","3","0","137","285","316","29","7","23","4","11","8","10","2","0","0","0","1","0","5","1","0","3","1","0","0","1","0","1","0","3","0","0","0","2","1","0","1","0","9","16","11","14","17","19","0","5","20","24","24","20","36","0","7","13","13","18","31","27","0","2","11","17","12","29","27","0","6","14","13","11","11","12","0","4","20","11","9","15","11","0","3","4","3","6","3","4","0","1","2","2","3","6","5","65","37","11","7","6","21","11","10","47","52","27","15","21","12","10","10","10","50","65","25","9","7","5","5","0","10","11","20","6","7","3","0","2","0","1","3"
"g18","V","413","780","228","368","19","2","11","6","0","1","2","143","374","406","15","21","16","2","9","22","9","2","0","0","0","0","1","1","4","0","1","0","0","0","2","0","0","0","0","0","0","0","6","6","0","2","0","2","15","10","7","25","39","0","8","12","11","15","39","45","0","8","13","25","26","41","70","0","4","14","22","29","46","70","0","3","10","10","10","10","25","0","8","15","15","8","12","17","0","0","2","6","2","8","7","0","0","3","1","3","6","3","48","38","10","12","12","17","7","22","62","68","48","23","15","17","24","16","37","120","58","29","7","5","8","6","3","12","15","12","5","5","3","1","2","3","2","8"
"g18","V","414","1253","375","592","33","1","12","7","1","1","0","231","607","646","35","32","16","3","16","28","16","2","0","3","1","0","0","5","0","0","3","2","1","1","3","4","0","0","1","2","0","0","10","11","1","0","0","10","11","9","9","40","68","0","5","14","17","18","57","117","0","13","15","16","42","79","140","0","6","11","12","37","80","141","0","10","19","6","16","24","49","0","7","7","6","11","29","47","0","3","2","2","4","9","11","0","0","2","2","6","5","9","86","72","15","23","15","22","13","22","107","125","102","23","40","20","43","32","64","143","76","43","11","17","9","11","13","16","35","17","9","5","9","1","2","2","2","8"
"g18","V","415","1136","309","575","18","1","16","6","0","1","0","210","554","582","35","23","15","4","7","14","11","0","0","5","2","0","0","4","5","1","2","2","2","0","1","0","2","0","0","0","0","0","2","5","1","0","0","2","8","9","8","23","75","0","5","9","17","13","45","95","0","10","2","22","37","60","156","0","9","6","25","35","77","136","0","6","10","6","11","29","53","0","7","4","12","12","21","39","0","1","4","1","2","7","12","0","0","1","4","1","2","7","76","45","15","22","13","20","15","32","71","133","105","31","31","22","34","26","76","117","82","39","8","12","8","18","8","16","19","10","14","6","2","1","4","2","0","3"
"g18","V","416","830","258","386","21","2","9","6","0","5","0","143","419","411","48","29","12","7","13","26","6","3","0","0","0","0","2","6","0","0","0","1","0","0","0","3","0","0","0","0","0","0","2","0","1","0","0","4","8","8","14","23","58","0","6","11","12","14","40","60","0","7","20","16","30","46","94","0","1","9","13","27","36","87","0","4","8","7","10","17","23","0","4","10","9","12","20","19","0","1","6","5","3","1","6","0","0","4","4","1","6","6","56","33","17","10","10","21","16","24","71","93","57","28","25","27","27","16","19","94","50","28","4","7","5","10","3","10","26","16","13","1","3","3","3","1","1","2"
"g18","V","417","949","341","357","30","3","14","9","0","6","0","189","459","490","144","56","54","8","6","9","12","3","0","0","0","0","1","0","1","0","0","4","0","0","1","1","0","0","0","0","0","0","7","1","3","1","0","8","25","20","28","32","40","0","8","30","29","22","50","49","0","13","21","19","26","58","52","0","5","15","17","32","51","48","0","12","13","22","11","14","14","0","13","21","21","14","24","10","0","3","6","3","7","8","4","0","0","12","4","4","4","7","94","70","23","14","8","19","9","23","81","89","81","13","23","16","18","18","32","67","77","29","13","16","6","15","6","11","16","26","15","2","2","5","3","0","1","8"
"g18","V","418","1163","350","573","28","2","9","5","0","6","1","189","576","587","31","50","21","7","26","25","12","1","0","2","0","0","0","3","0","0","2","2","2","0","1","0","0","0","0","0","0","0","0","2","1","0","0","5","7","10","7","30","112","0","3","9","5","15","35","112","0","10","13","14","37","45","163","0","4","9","17","26","59","176","0","4","5","5","10","15","52","0","2","9","6","14","22","45","0","1","1","5","7","4","14","0","1","1","0","3","9","5","95","45","23","21","10","21","16","35","84","161","90","22","41","24","26","12","47","150","66","33","9","16","10","15","8","8","24","23","7","3","5","0","3","4","2","4"
"g18","V","419","1075","352","436","29","1","11","9","1","5","1","230","491","584","98","52","51","12","9","21","11","1","0","1","0","0","1","0","1","0","1","1","2","0","1","2","1","1","0","0","0","0","6","7","5","0","0","3","14","17","19","34","52","0","4","18","21","30","58","82","0","7","21","26","29","56","77","0","6","23","28","33","53","77","0","6","16","17","13","21","32","0","8","16","32","18","24","27","0","3","3","8","5","6","6","0","2","2","4","3","10","5","98","56","22","23","10","23","18","20","82","101","87","23","18","20","29","11","53","94","96","41","10","20","13","16","5","11","18","20","12","3","4","2","3","0","5","8"
"g18","V","420","1094","385","413","33","2","9","7","0","3","0","242","523","571","143","74","58","7","11","4","9","3","0","0","3","0","3","2","1","0","1","2","1","0","4","0","0","0","0","1","1","0","6","4","3","1","0","7","15","22","29","34","52","0","18","22","41","30","55","60","0","22","20","33","39","55","48","0","11","17","29","48","43","48","0","15","25","23","18","17","19","0","15","17","29","27","22","15","0","1","8","4","4","9","4","0","2","2","3","6","5","6","111","72","12","30","17","24","9","33","77","87","99","24","22","17","27","13","34","90","100","52","8","12","9","13","3","16","29","12","10","3","7","6","5","1","3","7"
"g18","V","421","885","311","344","28","1","11","9","0","2","3","176","426","459","130","31","61","13","8","17","7","1","0","0","0","0","0","0","0","0","2","0","1","1","2","0","1","0","0","0","0","0","2","7","0","0","0","8","15","9","23","37","40","0","8","20","24","19","52","56","0","6","22","13","31","47","49","0","5","22","21","32","45","51","0","8","18","12","18","20","17","0","8","10","14","18","17","16","0","3","4","7","6","5","8","0","1","4","3","3","8","2","59","47","15","23","13","16","5","33","100","53","70","18","16","25","17","10","30","105","55","35","12","15","10","15","2","11","21","15","13","4","3","0","6","0","1","12"
"g18","V","422","944","266","473","26","1","10","9","0","2","1","156","462","482","39","36","18","6","14","19","13","1","0","0","0","0","4","4","2","2","1","0","1","0","1","0","1","0","0","1","0","0","1","4","0","0","0","4","11","6","15","31","43","0","2","11","10","22","45","66","0","6","17","23","22","62","101","0","3","16","19","24","65","115","0","4","14","13","7","22","35","0","2","5","6","11","18","19","0","3","0","2","3","11","7","0","3","3","4","3","6","4","53","41","13","19","13","14","6","22","85","80","80","25","29","28","25","13","36","157","56","20","11","15","1","11","1","10","31","13","10","2","3","9","2","2","3","5"
"g18","V","423","795","187","420","17","2","6","8","0","1","1","153","385","410","30","29","17","5","11","23","6","1","1","0","0","0","3","1","1","0","1","0","0","0","1","1","1","0","0","0","0","0","2","1","1","1","0","6","4","5","6","16","40","0","2","7","7","9","32","53","0","11","10","10","25","68","91","0","2","13","11","31","57","91","0","8","7","6","11","12","28","0","4","11","9","11","20","26","0","3","3","3","2","4","6","0","1","1","1","4","4","3","41","28","10","13","6","9","7","10","63","77","46","22","38","16","21","20","29","151","55","23","5","11","11","9","6","8","25","11","6","0","4","2","0","1","3","8"
"g18","V","424","1787","616","760","57","1","30","11","0","2","0","310","870","917","52","43","13","3","44","28","22","3","0","1","0","1","9","3","0","0","2","4","4","0","3","0","1","0","0","2","0","0","3","3","4","2","0","2","9","5","9","47","183","0","6","13","9","27","88","218","0","12","10","14","11","88","256","0","4","9","15","33","108","200","0","3","3","8","13","35","116","0","4","6","5","9","36","72","0","1","2","1","0","9","33","0","3","2","0","5","17","28","254","138","62","42","26","32","10","18","34","280","179","57","61","34","44","25","25","55","121","77","43","19","13","15","5","4","13","35","32","12","11","5","3","0","0","3"
"g18","V","425","622","229","223","21","0","7","5","0","9","1","127","262","360","37","12","15","3","7","10","2","1","0","1","0","0","0","0","0","0","1","0","0","0","2","0","0","0","0","0","0","0","0","2","0","1","0","0","3","7","9","17","48","0","1","7","7","10","44","76","0","4","4","2","13","21","58","0","1","2","4","9","27","78","0","0","4","5","10","12","27","0","2","3","12","8","16","28","0","1","1","1","0","6","9","0","1","2","1","2","9","10","50","46","18","9","14","15","12","17","48","53","51","8","12","9","11","8","15","56","56","13","8","8","8","10","3","12","9","18","10","1","2","2","3","2","1","4"
"g18","V","426","725","286","223","20","0","11","3","0","8","0","174","355","370","93","36","47","10","5","6","7","0","0","0","0","0","0","0","0","0","0","0","0","0","1","0","1","0","1","0","0","0","9","2","3","1","0","6","15","25","14","26","38","0","0","21","37","27","36","41","0","9","14","12","23","40","25","0","3","7","11","19","34","26","0","8","8","25","14","14","17","0","6","10","27","16","17","12","0","2","4","4","4","3","5","0","1","2","3","4","5","5","76","67","9","23","8","18","5","23","57","51","55","14","12","9","7","6","14","55","62","37","16","16","6","7","3","9","18","16","11","1","4","0","1","0","0","9"
"g18","V","427","837","391","237","30","2","9","7","0","7","0","154","405","432","143","27","41","7","11","7","1","1","0","0","1","0","1","0","0","1","3","0","0","0","3","1","0","0","0","0","0","0","8","2","2","2","0","6","24","25","17","47","54","0","19","27","44","25","46","57","0","6","14","25","17","32","36","0","1","7","11","17","35","36","0","6","13","13","10","12","16","0","5","20","22","13","9","15","0","1","4","5","7","8","7","0","0","3","6","5","4","5","121","90","19","28","13","20","7","16","77","73","52","9","7","14","18","10","11","43","66","33","9","7","8","7","2","7","15","23","15","0","4","2","4","1","1","5"
"g18","V","501","1089","346","497","23","2","13","8","0","5","2","193","527","562","22","21","10","5","23","32","4","2","0","0","0","0","2","0","0","0","0","1","0","0","0","0","2","0","0","0","0","0","2","3","0","0","0","7","7","14","11","33","80","0","5","12","20","14","60","83","0","9","7","15","30","74","119","0","5","11","15","32","67","113","0","6","13","10","12","20","34","0","7","11","10","15","21","34","0","1","1","5","3","6","10","0","1","2","5","2","8","9","76","42","13","22","17","27","9","23","117","103","64","20","33","19","22","15","35","186","73","24","14","13","6","14","9","10","30","23","5","3","7","0","1","2","2","10"
"g18","V","502","1120","344","487","28","1","12","9","0","9","0","230","534","586","20","22","10","1","16","14","8","5","0","0","0","0","2","0","0","0","0","1","4","0","1","0","1","0","0","0","0","0","1","0","2","0","0","2","8","21","13","24","66","0","9","20","29","20","45","87","0","10","18","33","29","60","88","0","16","12","30","45","61","85","0","14","15","19","21","32","34","0","6","15","16","16","16","26","0","2","3","4","2","6","10","0","4","1","4","5","13","5","65","62","10","25","20","20","17","29","96","102","55","21","36","16","31","11","37","178","78","36","12","10","12","23","10","15","34","23","13","6","8","1","1","1","2","4"
"g18","V","503","1147","391","474","27","0","14","7","0","7","0","227","575","572","20","14","7","1","17","20","10","0","0","0","1","0","1","1","1","0","0","2","0","1","0","1","0","0","0","0","0","0","2","0","4","0","0","7","12","5","17","32","96","0","7","13","19","19","60","104","0","7","7","19","26","63","124","0","7","8","16","27","59","111","0","8","9","16","15","32","46","0","7","9","13","11","26","35","0","0","4","1","3","8","18","0","0","3","3","3","5","7","84","63","21","29","16","20","19","27","112","82","55","20","30","23","32","17","21","194","78","30","13","15","12","21","10","12","36","15","11","6","5","6","3","2","2","5"
"g18","V","504","643","188","311","21","0","8","6","0","2","0","107","307","336","23","36","6","3","11","12","4","2","1","0","0","0","0","0","0","0","0","0","0","0","0","0","0","0","0","0","0","0","0","1","1","0","0","3","11","10","8","11","25","0","4","11","13","14","36","42","0","6","10","15","21","50","59","0","7","8","17","20","53","45","0","0","7","8","7","14","21","0","2","5","12","6","10","15","0","1","5","1","4","6","4","0","2","5","1","1","6","1","39","24","4","13","4","17","3","17","67","57","33","16","22","16","17","11","24","115","41","16","3","3","6","7","3","6","22","18","7","2","3","1","1","0","1","4"
"g18","V","505","1170","412","494","40","1","17","12","0","6","0","188","569","601","38","25","12","3","20","21","13","6","0","0","0","0","1","0","1","0","1","1","1","0","1","0","0","0","0","0","0","0","1","3","0","0","0","5","12","25","21","42","68","0","8","18","26","35","57","95","0","10","28","28","39","52","87","0","9","18","27","36","55","105","0","10","15","24","18","22","21","0","8","13","16","12","12","17","0","5","5","6","8","8","10","0","0","5","7","3","10","9","99","59","16","27","17","35","11","32","116","132","66","17","26","29","26","17","31","150","67","28","11","11","6","13","6","14","32","30","14","4","2","3","6","2","1","14"
"g18","V","506","622","205","278","13","0","3","7","1","2","0","113","302","320","18","19","5","2","4","15","7","1","0","0","0","0","0","0","0","0","0","1","1","0","0","1","0","0","0","0","0","0","2","0","0","0","0","7","6","11","12","10","35","0","5","18","13","15","31","42","0","6","13","20","26","34","43","0","5","7","18","21","40","45","0","11","5","5","10","17","13","0","6","6","9","8","14","9","0","1","9","4","2","1","1","0","1","2","1","1","0","3","47","33","9","15","7","12","2","16","64","52","47","17","15","13","16","3","20","95","42","26","8","3","2","5","3","7","17","10","6","3","1","1","2","0","1","2"
"g18","V","507","583","225","208","13","2","8","9","0","5","0","113","275","308","33","16","11","4","8","6","4","2","0","0","0","0","0","0","0","0","3","1","1","0","2","0","0","0","1","0","0","0","1","1","0","1","0","5","12","11","18","21","28","0","7","19","18","8","28","50","0","1","15","20","15","27","27","0","2","13","16","13","33","26","0","6","15","14","2","11","10","0","7","14","9","7","10","8","0","2","0","2","4","3","6","0","1","4","3","2","6","4","70","40","10","11","12","7","8","17","50","51","44","10","14","11","4","3","19","52","42","22","6","6","2","10","6","2","17","13","9","1","2","2","1","0","0","9"
"g18","V","508","754","218","366","19","1","11","2","0","5","0","132","382","372","9","22","13","5","9","6","3","4","1","0","0","0","1","0","0","0","1","0","2","0","0","0","0","0","0","0","0","0","3","1","0","0","0","5","3","14","16","17","39","0","2","9","13","19","43","38","0","4","11","24","40","57","57","0","4","16","23","33","45","52","0","5","6","14","15","18","17","0","2","5","8","10","15","17","0","2","4","2","3","2","7","0","2","2","3","3","2","6","55","34","12","11","12","16","5","24","49","86","72","15","31","10","15","18","31","88","49","20","11","9","6","11","3","5","18","11","9","4","1","0","1","2","4","6"
"g18","V","509","752","221","357","21","1","2","7","0","2","1","140","364","388","23","15","10","1","12","7","1","0","0","0","0","0","0","0","0","0","1","0","2","0","0","2","0","0","0","0","0","0","0","6","1","0","0","8","11","11","11","22","36","0","6","10","12","6","33","55","0","8","13","27","17","47","67","0","6","17","24","20","43","68","0","6","14","4","6","17","18","0","7","12","7","13","16","20","0","4","4","2","3","5","3","0","0","0","4","2","1","6","69","31","9","20","8","13","8","14","49","82","63","17","21","8","18","8","17","123","55","21","6","9","11","9","4","4","21","15","6","4","2","2","0","0","1","4"
"g18","V","510","728","256","277","17","4","8","17","1","3","1","144","355","373","18","23","20","1","9","6","8","2","0","0","0","0","0","0","2","0","1","1","0","0","0","2","1","0","0","0","0","0","2","3","0","3","0","5","10","15","13","22","41","0","5","12","27","23","36","47","0","5","17","22","25","31","47","0","3","15","13","20","41","38","0","4","8","15","10","23","10","0","3","10","18","11","13","19","0","2","5","7","6","4","8","0","0","2","6","3","3","5","73","30","9","17","9","18","6","22","72","67","55","11","22","7","8","3","19","85","45","27","3","15","6","15","6","4","23","16","8","8","5","0","0","0","2","12"
"g18","V","511","676","248","246","12","0","7","13","0","10","1","139","330","346","29","11","14","3","10","10","4","0","0","0","0","0","1","1","0","0","0","0","0","0","1","0","0","0","0","0","0","0","6","1","0","0","0","7","7","18","16","24","36","0","3","13","23","17","40","44","0","6","12","9","20","38","36","0","5","9","17","29","32","33","0","6","14","13","12","18","13","0","5","13","11","11","17","6","0","1","7","5","3","6","3","0","0","4","5","1","3","5","76","35","8","9","14","14","9","22","61","49","29","9","15","14","19","8","15","88","47","27","9","5","6","15","4","5","21","20","6","2","4","2","0","0","0","9"
"g18","V","512","601","204","209","22","1","6","5","0","4","0","150","287","314","35","16","20","1","13","4","10","2","0","0","1","0","1","0","1","0","0","0","0","0","1","0","0","0","0","0","0","0","0","0","0","1","0","4","13","21","14","16","24","0","7","17","17","15","25","31","0","11","12","17","18","20","23","0","3","12","17","17","27","32","0","6","13","18","13","10","15","0","4","18","17","19","7","10","0","2","2","3","4","6","2","0","0","3","5","4","3","4","59","41","12","19","6","18","9","10","30","53","32","11","19","6","12","9","14","53","66","20","6","14","7","8","3","9","17","17","9","3","0","2","1","1","1","4"
"g18","V","513","634","252","235","14","0","4","3","0","6","1","119","289","345","28","10","15","2","12","3","3","0","0","0","0","0","1","0","0","0","1","0","0","0","1","0","0","1","0","0","0","0","1","0","1","0","0","7","18","10","11","9","36","0","9","21","28","24","33","46","0","2","7","18","14","36","41","0","1","9","15","22","32","38","0","7","7","16","9","11","17","0","3","10","15","3","9","12","0","1","3","2","1","2","4","0","1","2","4","2","2","4","77","51","8","14","12","10","7","14","59","52","18","13","7","22","16","6","21","80","44","23","12","5","4","8","2","5","16","12","4","1","2","1","2","1","0","5"
"g18","V","514","728","231","323","24","0","5","3","0","1","2","139","346","382","23","13","15","2","13","8","5","0","0","0","0","0","0","0","0","0","0","2","0","0","2","2","0","0","0","2","0","0","1","4","1","0","0","3","10","13","11","21","36","0","9","23","18","17","28","42","0","4","20","24","15","48","48","0","9","17","19","22","45","52","0","3","14","16","14","11","13","0","4","18","17","7","17","5","0","1","4","4","3","4","6","0","0","0","2","4","2","5","59","47","13","13","7","15","4","15","58","69","52","16","23","21","19","11","25","87","54","29","5","11","2","11","2","5","20","5","5","5","3","3","1","0","2","11"
"g18","V","515","735","278","267","34","0","8","6","0","4","0","138","323","412","42","24","17","6","13","7","2","1","0","0","0","0","1","1","0","0","0","2","0","0","0","1","1","0","0","0","1","0","1","2","4","0","0","7","21","19","7","24","34","0","10","28","11","20","30","67","0","1","16","9","17","28","55","0","2","14","10","15","34","66","0","7","15","8","8","9","16","0","3","11","15","5","14","27","0","3","3","4","1","5","6","0","2","3","4","2","12","7","97","64","12","15","12","21","6","17","34","78","61","24","19","5","11","7","20","42","68","36","4","5","1","5","4","7","8","18","19","5","3","0","3","0","1","3"
"g18","V","516","1026","394","318","32","1","11","12","0","10","0","248","468","558","48","27","25","13","9","9","12","2","3","0","0","0","1","2","0","0","1","2","4","0","3","1","1","0","3","0","0","0","2","2","10","4","0","4","38","38","24","28","30","0","7","53","43","40","45","44","0","7","25","31","24","23","40","0","5","22","30","30","35","46","0","8","29","37","18","18","13","0","8","33","31","16","24","13","0","3","10","4","7","4","5","0","1","9","6","5","6","6","167","87","24","25","15","31","9","15","21","130","49","23","23","9","30","7","17","30","112","57","10","13","12","21","8","9","6","30","9","6","7","4","3","2","2","3"
"g18","V","517","1104","290","575","20","0","8","10","0","4","1","196","545","559","21","27","15","2","14","21","7","0","0","0","0","0","0","0","0","0","2","0","0","0","1","1","0","0","1","0","0","0","1","1","0","0","0","4","9","5","15","25","53","0","5","13","20","23","49","69","0","13","29","26","47","80","110","0","12","27","22","43","89","77","0","4","12","10","18","33","27","0","5","10","14","11","26","26","0","1","1","5","5","7","6","0","0","1","2","3","5","7","59","49","19","19","18","11","10","18","87","112","65","22","44","30","34","20","44","204","75","34","10","17","2","12","2","11","33","12","9","5","3","3","2","0","2","7"
"g18","V","518","725","175","376","30","0","5","7","0","4","1","127","382","343","19","14","9","2","7","16","9","2","0","0","0","0","0","1","0","0","0","0","0","1","0","4","2","1","0","0","0","0","1","2","1","0","0","4","2","7","7","15","37","0","6","8","11","10","19","49","0","9","11","14","37","61","70","0","6","14","18","24","55","57","0","6","6","19","10","13","21","0","3","5","12","9","17","6","0","2","5","2","6","7","11","0","2","3","4","2","0","3","34","27","12","7","3","17","4","17","54","83","48","16","20","22","22","13","41","111","46","23","9","8","4","4","1","14","18","12","10","6","8","3","1","0","1","6"
"g18","V","519","948","218","511","39","0","11","12","0","6","1","150","477","471","25","45","17","7","10","18","6","2","0","0","0","0","0","2","0","0","0","1","0","0","1","0","0","0","0","0","0","0","0","2","1","0","0","7","6","8","11","14","45","0","2","6","13","19","35","52","0","16","20","33","36","84","77","0","9","25","27","51","71","62","0","3","10","11","17","20","21","0","7","8","13","15","12","13","0","1","8","6","3","10","10","0","4","7","6","3","6","5","68","26","15","7","5","14","14","21","48","103","86","32","41","32","24","22","48","123","54","26","4","16","3","8","6","10","23","22","15","8","5","3","6","1","1","8"
"g18","V","520","523","100","321","10","1","0","8","0","1","0","82","261","262","3","8","8","1","0","11","1","2","0","0","0","0","0","3","0","0","0","0","0","0","0","0","0","0","0","0","0","0","2","2","1","0","0","1","5","5","2","7","26","0","1","4","2","2","19","26","0","8","12","12","17","45","72","0","6","12","19","20","38","60","0","2","5","4","3","10","15","0","6","5","2","8","12","10","0","0","2","2","0","3","3","0","1","2","1","1","2","3","14","22","7","11","4","9","5","6","22","83","47","19","24","16","19","9","22","82","24","17","8","6","3","5","3","5","11","5","7","0","1","1","4","0","1","1"
"g18","V","521","766","149","426","27","0","6","17","0","1","0","140","379","387","16","24","10","2","10","12","7","3","0","0","0","0","0","2","0","1","1","1","0","0","0","2","1","0","0","0","0","0","1","8","1","1","0","2","6","1","4","15","34","0","3","4","8","6","22","44","0","13","8","27","37","56","85","0","9","14","23","35","55","64","0","6","4","9","10","16","24","0","5","11","12","7","16","20","0","1","2","2","3","7","7","0","1","6","2","6","7","7","38","19","8","5","1","12","5","8","53","97","73","21","29","16","26","17","37","110","53","19","8","7","6","13","4","10","20","23","11","6","1","1","1","1","2","5"
"g18","V","522","811","234","361","30","1","15","6","0","7","0","157","408","404","13","18","5","2","8","4","1","0","0","0","0","0","1","0","0","0","0","0","0","0","0","2","3","0","0","0","0","0","0","1","0","1","0","5","3","7","10","30","41","0","2","12","8","16","40","60","0","6","16","17","27","52","69","0","7","11","16","34","46","60","0","5","8","10","17","21","33","0","3","5","12","8","14","21","0","1","3","2","9","7","8","0","1","5","4","4","10","5","44","40","5","15","12","15","7","17","79","78","67","16","27","13","28","13","18","101","56","20","7","10","8","9","6","12","29","16","9","6","6","3","4","0","3","12"
"g18","V","523","591","225","218","12","3","4","5","0","6","0","118","289","302","16","9","8","2","10","5","4","1","0","0","0","0","0","0","1","0","1","0","0","0","0","0","0","0","0","0","0","0","1","0","0","0","0","4","15","13","8","23","36","0","4","17","22","12","41","30","0","5","17","26","10","29","28","0","3","16","15","17","29","23","0","0","10","12","13","10","13","0","4","16","10","11","13","6","0","0","4","3","4","2","4","0","1","3","2","2","1","4","52","47","12","15","8","8","6","11","66","49","39","7","16","6","14","10","19","58","35","17","4","6","4","8","6","12","26","12","6","1","2","0","3","2","1","3"
"g18","V","524","571","296","97","17","0","6","6","0","8","0","141","291","280","22","2","14","6","21","5","12","4","0","0","0","0","6","2","0","0","4","0","3","0","2","0","2","0","1","0","1","0","4","0","1","1","0","34","24","13","14","26","23","0","45","22","15","17","25","38","0","4","1","5","6","12","21","0","7","4","6","5","14","12","0","27","15","16","7","6","15","0","18","10","8","5","9","5","0","7","0","1","6","5","3","0","6","3","1","3","1","1","129","58","5","12","11","9","5","9","58","23","14","5","7","4","3","5","5","31","67","32","8","7","3","4","3","4","13","16","7","1","5","1","0","1","2","4"
"g18","V","525","973","505","150","28","1","9","10","1","12","0","257","490","483","58","9","26","7","42","5","20","2","0","1","0","0","0","0","2","0","2","1","3","0","3","0","2","0","1","0","1","1","3","1","0","1","0","34","53","34","27","26","59","0","63","59","35","20","32","63","0","8","19","15","11","12","18","0","3","13","9","8","11","23","0","26","38","24","14","18","19","0","32","40","13","6","14","13","0","3","10","8","4","4","6","0","4","9","3","3","3","4","235","115","18","26","13","14","18","16","50","56","31","12","6","5","5","7","7","21","154","34","14","16","8","8","2","5","16","38","15","3","2","1","0","0","1","1"
"g18","V","526","597","318","115","14","0","10","6","0","6","0","128","291","306","22","1","6","7","17","3","5","1","1","0","1","0","1","0","0","0","2","0","0","0","2","1","4","0","0","0","0","0","4","4","0","0","0","24","13","17","24","23","43","0","34","21","19","21","30","49","0","4","5","6","11","15","19","0","2","2","4","7","16","24","0","13","8","11","7","17","13","0","7","14","8","9","5","16","0","2","2","5","1","4","4","0","2","3","5","2","4","2","101","63","17","14","11","14","7","20","71","28","21","6","8","3","3","4","5","37","56","18","6","10","7","1","7","4","19","8","10","1","2","2","4","1","2","6"
"g18","V","527","664","367","143","20","0","10","7","0","1","0","116","322","342","29","3","1","2","25","10","11","4","1","0","2","0","0","1","1","0","5","0","2","0","2","1","2","0","2","0","0","0","1","1","0","0","0","63","16","7","8","17","49","0","52","15","9","15","16","100","0","8","3","9","3","7","36","0","3","3","3","4","14","50","0","34","10","4","6","6","11","0","19","6","2","1","3","14","0","11","4","2","1","3","4","0","1","0","1","1","1","9","191","67","7","18","11","16","3","13","41","51","28","10","8","8","5","0","6","27","80","19","2","4","2","2","1","2","4","21","8","3","2","0","1","0","3","0"
"g18","V","528","331","186","34","8","0","7","4","0","2","0","90","159","172","25","1","9","4","11","4","3","1","1","0","2","0","0","0","0","0","4","2","2","1","5","1","0","0","7","0","1","1","3","0","2","0","0","63","8","1","2","0","2","0","99","5","3","2","0","1","0","19","2","1","0","1","0","0","9","1","0","0","1","0","0","44","6","1","0","0","0","0","38","1","0","0","0","0","0","9","0","0","0","0","0","0","11","0","0","0","0","1","151","26","1","2","0","2","0","0","4","25","5","0","0","3","1","0","0","0","79","10","0","1","0","0","0","0","0","19","2","0","0","0","0","0","0","0"
"g18","V","529","364","201","38","1","1","8","5","0","0","0","110","182","182","24","2","7","1","14","2","5","2","0","0","0","0","0","0","3","0","6","0","9","0","0","1","3","0","2","0","1","1","1","0","1","0","0","66","9","4","5","4","1","0","90","12","1","3","3","3","0","13","2","1","1","2","1","0","12","2","0","3","1","0","0","44","10","3","2","2","2","0","37","5","4","0","1","0","0","5","1","1","1","1","1","0","5","0","0","0","0","0","163","22","3","2","3","2","0","1","5","21","8","0","0","1","1","3","0","4","80","18","2","4","0","3","0","2","1","10","5","0","0","0","0","0","0","0"
"g18","V","530","545","281","103","13","1","8","1","0","4","0","134","269","276","18","5","13","1","21","10","5","3","0","0","1","0","1","0","1","0","3","0","1","0","0","0","1","0","1","0","2","0","4","0","1","2","0","65","5","3","11","9","28","0","78","8","9","6","16","43","0","22","3","4","6","13","12","0","8","3","2","5","6","19","0","52","6","5","2","3","8","0","31","7","5","7","4","4","0","5","2","0","0","2","3","0","11","0","1","0","1","2","138","55","8","6","6","5","8","5","50","26","19","12","7","1","4","5","4","25","93","20","3","4","0","5","2","2","5","14","7","1","1","1","1","0","0","2"
"g18","V","M14","185","45","100","5","0","2","3","0","0","0","30","95","90","1","12","0","1","2","4","1","0","0","0","0","0","0","0","0","0","0","0","0","0","0","0","0","0","0","0","0","0","2","0","0","0","0","2","2","1","4","3","7","0","1","0","6","4","5","10","0","6","2","4","10","7","24","0","1","3","5","7","5","26","0","1","0","1","1","8","6","0","1","3","0","3","2","4","0","0","0","0","0","3","3","0","0","0","0","2","1","1","12","5","2","3","0","7","1","3","12","19","19","4","9","3","8","3","10","25","15","7","0","0","0","2","1","1","4","3","1","3","0","0","0","0","0","3"
"g18","V","M15","679","219","312","14","0","8","4","0","4","0","118","347","332","15","13","6","0","12","8","2","1","0","0","0","0","0","0","0","0","0","0","0","0","1","0","0","0","0","1","1","0","5","7","3","0","0","6","11","7","14","19","34","0","5","10","10","15","32","56","0","9","14","12","22","44","69","0","7","6","5","25","45","54","0","10","15","10","11","14","11","0","2","11","8","8","12","6","0","2","2","2","2","3","4","0","1","1","4","2","5","2","70","35","17","13","7","12","4","13","48","58","36","10","19","15","16","9","17","132","50","17","7","6","8","6","4","2","18","7","6","2","2","3","0","1","3","6"
"g18","V","M16","3","0","2","0","0","0","0","0","0","0","1","2","1","0","0","0","0","0","0","0","0","0","0","0","0","0","0","0","0","0","0","0","0","0","0","0","0","0","0","0","0","0","0","0","0","0","0","0","0","0","0","0","0","0","0","0","0","0","0","0","0","0","1","0","0","0","0","0","1","0","0","0","0","0","0","0","0","0","0","1","0","0","0","0","0","0","0","0","0","0","0","0","0","0","0","0","0","0","0","0","0","0","0","0","0","0","0","0","0","0","0","2","0","0","0","0","0","0","0","1","0","0","0","0","0","0","0","0","0","0","0","0","0","0","0","0","0"
"g18","V","M18","966","204","539","28","1","12","6","1","1","0","174","487","479","37","48","28","7","7","10","7","3","0","0","0","0","0","0","0","0","1","0","0","0","0","0","0","0","0","0","1","0","3","4","0","0","0","4","11","7","8","22","35","0","5","7","8","17","29","51","0","13","10","25","39","64","119","0","7","11","26","46","63","116","0","9","8","9","12","25","34","0","5","9","14","14","19","16","0","5","3","1","3","8","13","0","1","5","2","1","3","4","60","39","13","14","4","10","5","10","49","104","94","35","31","21","29","14","49","162","76","31","12","6","8","10","4","5","22","13","15","6","1","2","3","4","2","3"
"g18","V","M19","145","38","68","1","0","5","0","0","1","0","32","75","70","2","2","0","0","2","5","2","0","0","0","0","0","0","0","0","0","0","0","0","0","0","0","0","0","0","0","0","0","0","2","2","0","0","0","1","4","2","4","7","0","1","2","1","1","5","10","0","0","2","3","5","7","16","0","1","2","3","3","10","16","0","1","2","0","1","4","11","0","0","0","1","3","3","6","0","0","3","2","0","0","0","0","0","0","0","0","2","0","14","1","1","0","2","5","2","4","9","11","12","4","5","0","8","4","7","17","9","3","0","5","4","3","3","1","4","3","1","1","0","1","1","0","0","0"
"g18","V","M22","374","95","204","12","0","4","3","0","0","0","56","190","184","10","15","4","1","3","6","2","0","0","0","0","0","0","0","0","0","0","0","0","0","1","0","0","0","0","0","0","0","0","0","0","0","0","1","6","2","4","6","16","0","1","4","7","7","19","22","0","4","16","11","11","28","47","0","4","10","4","8","30","31","0","1","4","3","3","6","8","0","0","4","6","3","9","9","0","2","2","1","1","2","5","0","0","0","1","1","3","1","19","13","10","4","5","2","3","13","26","37","25","12","18","13","15","6","19","59","17","10","5","4","1","5","3","1","10","9","7","0","1","0","2","0","0","0"
"g18","V","M24","40","10","21","1","0","0","1","0","0","0","7","24","16","1","1","0","0","3","0","0","0","0","0","0","0","0","0","0","0","0","0","0","0","0","0","0","0","0","0","0","0","0","0","0","0","0","0","3","0","0","1","0","0","0","0","1","0","3","2","0","0","0","0","2","3","6","0","1","1","2","0","3","3","0","0","3","1","1","1","1","0","0","0","0","0","0","0","0","0","0","1","1","0","0","0","0","0","0","0","0","0","1","1","1","3","1","1","1","0","1","1","2","2","4","2","1","0","2","7","3","1","1","0","1","0","0","0","1","1","1","0","0","0","0","0","0","0"
"g18","V","M25","40","10","22","2","0","0","0","0","0","0","6","23","17","0","0","0","0","0","0","0","0","0","0","0","0","0","0","0","0","0","0","0","0","0","0","0","0","0","0","0","0","0","0","0","0","0","0","0","0","1","0","4","0","0","1","1","1","1","1","0","1","0","2","0","5","5","0","1","0","1","1","4","2","0","0","1","1","0","0","1","0","0","0","1","1","0","1","0","0","0","0","0","2","0","0","0","0","0","0","0","0","4","1","0","0","0","0","0","1","4","6","4","2","0","2","2","2","0","4","3","2","0","1","0","0","0","0","0","1","1","0","0","0","0","0","0","0"
"g18","V","M3","267","82","125","9","1","0","6","0","1","0","43","133","134","4","5","3","0","3","4","0","0","0","0","0","0","0","0","0","0","0","0","0","0","0","0","0","0","0","0","0","0","1","0","1","0","0","2","1","4","1","7","14","0","0","3","6","10","14","20","0","2","8","9","9","14","27","0","0","8","7","5","15","21","0","1","4","3","1","5","5","0","1","4","3","6","5","5","0","0","3","3","2","2","6","0","0","0","0","0","1","0","19","17","3","7","3","2","4","5","22","34","21","5","9","9","7","3","9","28","16","8","1","4","0","3","1","3","7","10","1","1","3","1","1","0","0","0"
"g18","V","M4","39","6","32","0","0","1","0","0","0","0","0","22","17","5","1","0","0","0","0","0","0","0","0","0","0","0","0","0","0","0","0","0","1","0","0","0","0","0","0","0","0","0","0","0","0","0","0","0","1","0","0","2","0","0","0","1","0","0","2","0","0","5","2","0","5","6","0","0","3","2","2","5","2","0","0","0","0","0","0","0","0","0","0","0","0","0","0","0","0","1","0","0","0","0","0","0","0","0","0","0","0","1","1","2","0","0","0","0","1","1","6","5","1","0","2","1","1","1","15","0","0","0","0","0","0","0","0","0","0","1","0","0","0","0","0","0","0"
"g18","V","M5","658","195","308","17","0","12","4","0","2","0","120","294","364","19","7","9","1","8","14","3","1","0","3","1","0","1","1","0","1","1","0","0","0","0","0","0","0","0","0","0","0","0","2","1","0","0","4","6","1","6","17","41","0","2","6","6","12","27","67","0","1","6","8","17","31","73","0","0","7","14","15","36","100","0","3","5","5","5","14","29","0","4","3","2","7","14","29","0","3","3","2","1","4","9","0","2","1","0","0","3","7","48","21","11","13","6","21","7","14","54","69","42","14","29","15","25","8","24","82","41","23","9","6","1","6","7","7","20","11","10","6","1","1","1","0","1","4"
"g18","V","M6","108","36","44","0","0","0","1","0","4","0","23","55","53","0","0","1","0","1","0","2","0","0","0","0","0","2","0","0","0","0","1","0","0","0","0","0","0","0","0","0","0","0","0","0","0","0","0","2","0","2","3","11","0","0","0","4","3","3","8","0","0","3","1","4","3","11","0","0","2","3","2","2","13","0","1","2","2","2","3","4","0","0","4","2","0","2","1","0","0","0","0","0","1","0","0","0","0","0","0","2","2","5","5","1","3","2","2","1","7","10","9","6","3","1","2","3","0","5","15","6","6","1","1","2","2","0","2","3","0","1","1","0","0","0","0","0","3"
"g18","V","M8","971","310","424","25","1","7","9","2","4","0","189","477","494","25","18","9","3","21","21","5","3","0","0","0","0","4","3","1","0","0","4","3","0","1","1","2","0","1","0","0","0","1","2","0","0","0","7","10","11","18","22","65","0","7","11","11","20","55","73","0","15","24","21","31","49","76","0","10","22","18","26","50","82","0","11","18","12","15","22","22","0","4","15","15","15","21","19","0","1","4","7","2","6","8","0","3","1","1","2","7","6","86","49","10","12","13","15","14","23","88","82","69","19","22","26","26","16","28","136","64","37","10","14","7","19","12","9","17","10","9","3","8","3","4","1","4","6"
"g18","V","M9","24","11","10","1","0","0","0","0","0","0","2","14","10","0","0","0","0","1","0","0","0","0","0","0","0","0","0","0","0","0","0","0","0","0","0","0","0","0","0","0","0","0","0","0","0","0","0","3","2","0","1","2","0","0","0","1","0","1","1","0","0","0","0","1","0","3","0","0","0","0","0","3","3","0","0","0","0","0","0","1","0","0","0","0","0","0","1","0","0","1","0","0","0","0","0","0","0","0","0","0","0","3","1","0","3","2","0","0","2","0","3","0","0","0","0","0","1","1","5","0","1","0","0","0","1","0","0","0","1","0","0","0","0","0","0","0","0"
