"county","srprec","addist","cddist","sddist","bedist","TOTREG","DEMREG","REPREG","AIPREG","GRNREG","LIBREG","NLPREG","REFREG","DCLREG","MSCREG","TOTVOTE","DEMVOTE","REPVOTE","AIPVOTE","GRNVOTE","LIBVOTE","NLPVOTE","REFVOTE","DCLVOTE","MSCVOTE","PRCVOTE","ABSVOTE","ASSDEM01","ASSDEM02","ASSGRN01","ASSIND01","ASSLIB01","ASSREP01","ASSREP02","CNGDEM01","CNGDEM02","CNGREP01","PRSAIP01","PRSDEM01","PRSGRN01","PRSLIB01","PRSPAF01","PRSREP01","PR_14_N","PR_14_Y","PR_15_N","PR_15_Y","PR_16_N","PR_16_Y","PR_17_N","PR_17_Y","PR_18_N","PR_18_Y","PR_19_N","PR_19_Y","PR_20_N","PR_20_Y","PR_21_N","PR_21_Y","PR_22_N","PR_22_Y","PR_23_N","PR_23_Y","PR_24_N","PR_24_Y","PR_25_N","PR_25_Y","SENAIP01","SENDEM01","SENDEM02","SENLIB01","SENREP01"
"40","101A","35","24","17","2","575","0","0","0","0","0","0","0","0","0","515","0","0","0","0","0","0","0","0","0","0","0","106","0","0","0","0","390","0","133","0","367","0","140","1","2","0","362","394","105","409","94","435","58","388","115","425","80","359","131","219","275","434","63","118","382","416","78","350","143","419","75","0","122","0","0","376"
"40","101B","35","24","17","2","3521","0","0","0","0","0","0","0","0","0","2979","0","0","0","0","0","0","0","0","0","0","0","817","0","0","0","0","2047","0","983","0","1908","2","1040","12","50","5","1841","1877","953","2144","729","2271","568","1843","1030","2256","621","1791","1004","1321","1481","2119","711","826","2015","2124","716","1630","1172","2080","722","0","960","0","0","1859"
"40","102B","35","24","17","2","535","0","0","0","0","0","0","0","0","0","478","0","0","0","0","0","0","0","0","0","0","0","104","0","0","0","0","356","0","135","0","326","1","153","0","2","0","318","327","127","379","88","392","68","333","137","399","69","319","133","211","239","387","73","107","352","380","70","303","151","351","98","0","127","0","0","324"
"40","103","35","24","17","2","3232","0","0","0","0","0","0","0","0","0","2823","0","0","0","0","0","0","0","0","0","0","0","626","0","0","0","0","2109","0","831","0","1938","8","865","11","32","1","1869","1983","748","2254","510","2321","421","1917","845","2247","522","1876","844","1174","1539","2227","491","684","2054","2200","525","1747","972","2089","617","0","757","0","0","1944"
"40","104","35","24","17","2","1584","0","0","0","0","0","0","0","0","0","1416","0","0","0","0","0","0","0","0","0","0","0","362","0","0","0","0","985","0","457","0","908","2","496","2","28","0","862","967","393","1077","313","1080","285","901","481","1078","311","914","421","670","670","1097","259","352","1001","1061","294","835","511","1011","335","0","438","0","0","912"
"40","105","35","24","17","2","616","0","0","0","0","0","0","0","0","0","478","0","0","0","0","0","0","0","0","0","0","0","150","0","0","0","0","314","0","195","0","268","4","196","3","9","0","258","299","165","344","127","360","103","301","163","362","108","280","180","238","221","349","116","147","316","342","123","259","200","312","145","0","184","0","0","273"
"40","106","35","24","17","2","3160","0","0","0","0","0","0","0","0","0","2577","0","0","0","0","0","0","0","0","0","0","0","1101","0","0","0","0","1368","0","1310","0","1149","5","1369","8","37","7","1110","1322","1084","1519","955","1654","776","1231","1240","1620","853","1290","1095","1371","998","1607","805","860","1577","1645","776","1245","1150","1521","851","0","1235","0","0","1179"
"40","107","35","24","17","2","1122","0","0","0","0","0","0","0","0","0","1040","0","0","0","0","0","0","0","0","0","0","0","331","0","0","0","0","672","0","433","0","582","0","453","1","12","2","556","659","328","733","268","774","224","622","386","756","254","630","356","489","486","766","223","309","679","772","214","592","395","686","287","0","391","0","0","608"
"40","108","35","24","17","2","2228","0","0","0","0","0","0","0","0","0","1924","0","0","0","0","0","0","0","0","0","0","0","620","0","0","0","0","1244","0","802","0","1071","5","815","6","51","4","1007","1205","611","1300","552","1385","445","1122","735","1389","468","1116","689","909","887","1386","422","554","1264","1368","444","1037","761","1267","522","0","739","0","0","1086"
"40","109","35","24","17","2","3154","0","0","0","0","0","0","0","0","0","2740","0","0","0","0","0","0","0","0","0","0","0","974","0","0","0","0","1638","0","1229","0","1426","2","1273","9","42","5","1363","1577","1009","1795","848","1877","725","1521","1110","1891","766","1557","1009","1315","1231","1880","712","878","1718","1884","699","1420","1158","1737","810","0","1176","0","0","1408"
"40","110","35","24","17","2","2791","0","0","0","0","0","0","0","0","0","2459","0","0","0","0","0","0","0","0","0","0","0","862","0","0","0","0","1491","0","1079","0","1306","9","1118","9","29","5","1236","1466","883","1620","771","1757","611","1373","1013","1713","679","1423","908","1234","1089","1715","638","783","1575","1755","602","1305","1017","1638","680","0","1021","0","0","1318"
"40","111A","35","24","17","2","1973","0","0","0","0","0","0","0","0","0","1685","0","0","0","0","0","0","0","0","0","0","0","623","0","0","0","0","960","0","765","0","854","5","799","6","27","10","801","957","636","1076","543","1141","451","898","719","1132","487","925","651","850","719","1094","505","543","1054","1146","454","850","728","999","560","0","734","0","0","855"
"40","111B","35","24","17","2","1","0","0","0","0","0","0","0","0","0","0","0","0","0","0","0","0","0","0","0","0","0","0","0","0","0","0","0","0","0","0","0","0","0","0","0","0","0","0","0","0","0","0","0","0","0","0","0","0","0","0","0","0","0","0","0","0","0","0","0","0","0","0","0","0","0","0"
"40","112","35","24","17","2","3944","0","0","0","0","0","0","0","0","0","3313","0","0","0","0","0","0","0","0","0","0","0","1191","0","0","0","0","1996","0","1517","0","1695","12","1549","5","44","7","1649","1906","1216","2159","1024","2290","831","1878","1301","2292","903","1793","1300","1607","1471","2200","873","979","2155","2301","823","1650","1428","2161","914","0","1424","0","0","1710"
"40","113","35","24","17","2","753","0","0","0","0","0","0","0","0","0","681","0","0","0","0","0","0","0","0","0","0","0","221","0","0","0","0","445","0","271","0","396","1","282","0","11","3","372","446","205","503","168","505","152","383","283","491","180","442","215","348","293","514","135","207","444","502","151","413","237","446","194","0","263","0","0","387"
"40","114","35","24","17","2","3053","0","0","0","0","0","0","0","0","0","2785","0","0","0","0","0","0","0","0","0","0","0","868","0","0","0","0","1804","0","1163","0","1533","5","1257","8","46","3","1402","1747","922","1906","797","2029","622","1635","1051","1986","711","1662","956","1295","1340","2015","614","816","1833","2055","579","1487","1116","1845","773","0","1085","0","0","1555"
"40","115","35","24","17","2","2066","0","0","0","0","0","0","0","0","0","1817","0","0","0","0","0","0","0","0","0","0","0","600","0","0","0","0","1137","0","805","0","950","3","825","6","48","5","897","1074","650","1193","561","1311","412","991","761","1257","502","1029","679","870","832","1225","495","535","1199","1270","454","954","755","1174","520","0","742","0","0","971"
"40","201","35","24","17","2","2162","0","0","0","0","0","0","0","0","0","1981","0","0","0","0","0","0","0","0","0","0","0","1118","0","0","0","0","796","0","1269","0","665","4","1314","9","18","4","598","936","955","1054","864","1084","798","804","1122","1065","857","934","942","1167","679","1169","696","824","1066","1245","618","903","959","1012","839","0","1211","0","0","687"
"40","202","35","24","17","2","2336","0","0","0","0","0","0","0","0","0","2177","0","0","0","0","0","0","0","0","0","0","0","1265","0","0","0","0","842","0","1426","0","694","2","1483","12","7","2","627","1040","1023","1151","963","1218","850","870","1239","1172","941","1016","1050","1334","681","1280","771","915","1136","1407","620","1020","1014","1063","976","0","1382","0","0","692"
"40","203A","35","24","17","2","508","0","0","0","0","0","0","0","0","0","450","0","0","0","0","0","0","0","0","0","0","0","196","0","0","0","0","234","0","242","0","196","0","243","4","5","0","190","228","191","279","153","277","144","226","204","277","156","235","189","248","170","290","138","173","254","299","120","226","195","247","158","0","226","0","0","198"
"40","203B","35","24","17","2","20","0","0","0","0","0","0","0","0","0","17","0","0","0","0","0","0","0","0","0","0","0","6","0","0","0","0","10","0","7","0","9","0","7","0","1","0","9","9","7","11","6","14","3","9","8","12","5","11","6","7","8","14","3","5","11","13","4","8","9","10","7","0","6","0","0","10"
"40","204A","35","24","17","2","249","0","0","0","0","0","0","0","0","0","237","0","0","0","0","0","0","0","0","0","0","0","97","0","0","0","0","127","0","120","0","107","0","120","5","2","1","108","129","94","154","72","155","65","112","114","155","72","143","78","136","84","163","56","79","140","158","61","138","81","135","84","0","114","0","0","103"
"40","204B","35","24","17","2","34","0","0","0","0","0","0","0","0","0","30","0","0","0","0","0","0","0","0","0","0","0","13","0","0","0","0","17","0","15","0","14","0","15","0","2","0","13","21","7","21","9","21","7","16","14","25","5","23","7","19","11","25","5","9","19","25","5","21","7","22","8","0","13","0","0","16"
"40","205","35","24","17","2","2057","0","0","0","0","0","0","0","0","0","1862","0","0","0","0","0","0","0","0","0","0","0","857","0","0","0","0","933","0","1034","0","768","8","1078","9","22","2","723","1003","770","1134","667","1195","568","902","900","1151","655","1070","707","1053","686","1215","559","668","1093","1247","517","966","804","1006","691","0","1003","0","0","777"
"40","206","35","24","17","2","2230","0","0","0","0","0","0","0","0","0","2018","0","0","0","0","0","0","0","0","0","0","0","1016","0","0","0","0","956","0","1173","0","796","4","1193","16","31","1","750","1056","849","1159","780","1242","659","950","995","1181","779","1050","865","1191","699","1262","636","763","1134","1353","540","979","920","1113","768","0","1124","0","0","797"
"40","207","35","24","17","2","1900","0","0","0","0","0","0","0","0","0","1688","0","0","0","0","0","0","0","0","0","0","0","873","0","0","0","0","763","0","1002","0","634","4","1050","5","16","4","583","843","765","954","667","984","607","725","894","976","648","818","764","988","580","989","593","623","952","1092","492","773","802","884","688","0","969","0","0","623"
"40","208","35","24","17","2","2640","0","0","0","0","0","0","0","0","0","2403","0","0","0","0","0","0","0","0","0","0","0","1210","0","0","0","0","1088","0","1458","0","871","5","1523","14","30","3","789","1163","1108","1321","983","1423","849","1018","1293","1367","949","1215","1047","1438","784","1384","872","934","1330","1575","685","1094","1144","1276","937","0","1399","0","0","883"
"40","209","35","24","17","2","1404","0","0","0","0","0","0","0","0","0","1289","0","0","0","0","0","0","0","0","0","0","0","694","0","0","0","0","549","0","795","0","454","3","837","2","17","1","401","630","579","683","557","725","493","525","722","731","513","635","577","751","455","772","440","506","713","849","360","614","586","638","550","0","768","0","0","461"
"40","210","35","24","17","2","2680","0","0","0","0","0","0","0","0","0","2413","0","0","0","0","0","0","0","0","0","0","0","1471","0","0","0","0","869","0","1657","0","688","10","1683","22","39","6","599","1049","1247","1109","1222","1249","1060","815","1511","1167","1181","1126","1168","1567","704","1324","960","1101","1176","1460","815","1044","1234","1049","1148","0","1616","0","0","682"
"40","211","35","24","17","2","2311","0","0","0","0","0","0","0","0","0","2059","0","0","0","0","0","0","0","0","0","0","0","1279","0","0","0","0","711","0","1438","0","573","6","1467","12","34","5","507","849","1111","935","1069","1057","903","688","1310","1001","1001","882","1074","1330","606","1063","881","949","1002","1177","750","863","1077","923","972","0","1420","0","0","554"
"40","212","35","24","17","2","2989","0","0","0","0","0","0","0","0","0","2734","0","0","0","0","0","0","0","0","0","0","0","1681","0","0","0","0","977","0","1916","0","756","8","1975","13","28","4","651","1182","1408","1329","1317","1424","1159","969","1674","1354","1300","1330","1237","1727","818","1559","1014","1214","1362","1724","838","1280","1286","1213","1288","0","1850","0","0","760"
"40","213","35","24","17","2","2629","0","0","0","0","0","0","0","0","0","2387","0","0","0","0","0","0","0","0","0","0","0","1417","0","0","0","0","892","0","1619","0","702","7","1662","9","29","1","644","1074","1184","1178","1129","1260","1011","862","1451","1222","1086","1117","1142","1504","727","1336","921","1023","1226","1480","757","1059","1187","1105","1087","0","1575","0","0","716"
"40","214","35","24","17","2","1097","0","0","0","0","0","0","0","0","0","1002","0","0","0","0","0","0","0","0","0","0","0","548","0","0","0","0","401","0","658","0","309","2","695","6","9","3","259","427","518","466","495","544","408","350","618","506","467","489","451","658","269","592","340","450","499","618","309","480","448","452","473","0","629","0","0","322"
"40","215","35","24","17","2","1468","0","0","0","0","0","0","0","0","0","1325","0","0","0","0","0","0","0","0","0","0","0","853","0","0","0","0","393","0","973","0","292","5","1024","7","22","4","242","408","815","436","814","598","624","317","934","519","736","528","666","876","304","595","609","687","547","669","521","499","685","453","728","0","932","0","0","315"
"40","216","35","24","17","2","2879","0","0","0","0","0","0","0","0","0","2608","0","0","0","0","0","0","0","0","0","0","0","1482","0","0","0","0","988","0","1797","0","716","8","1830","17","61","3","624","1073","1362","1199","1287","1385","1061","853","1632","1284","1207","1111","1275","1668","709","1355","1054","1131","1309","1501","890","1130","1250","1105","1266","0","1698","0","0","753"
"40","217","35","24","17","2","724","0","0","0","0","0","0","0","0","0","492","0","0","0","0","0","0","0","0","0","0","0","326","0","0","0","0","112","0","372","0","82","2","393","9","13","0","66","151","293","115","342","209","245","80","387","147","317","149","276","340","93","181","254","284","172","172","257","166","274","162","269","0","353","0","0","95"
"40","301","35","24","17","2","1959","0","0","0","0","0","0","0","0","0","1716","0","0","0","0","0","0","0","0","0","0","0","996","0","0","0","0","635","0","1125","0","512","6","1166","14","36","4","455","703","903","733","905","907","705","563","1063","799","840","725","843","1041","516","840","756","709","900","952","625","642","948","791","764","0","1082","0","0","530"
"40","302","35","24","17","2","2765","0","0","0","0","0","0","0","0","0","2429","0","0","0","0","0","0","0","0","0","0","0","1291","0","0","0","0","1022","0","1541","0","800","6","1624","16","27","2","711","1078","1199","1163","1152","1306","948","928","1391","1267","1057","1028","1211","1413","805","1300","939","948","1339","1470","791","1075","1153","1136","1093","0","1500","0","0","792"
"40","303","35","24","17","2","3480","0","0","0","0","0","0","0","0","0","3158","0","0","0","0","0","0","0","0","0","0","0","1991","0","0","0","0","1041","0","2321","0","735","7","2401","18","53","4","620","1154","1807","1221","1800","1415","1562","821","2209","1337","1715","1248","1680","2137","759","1474","1457","1517","1454","1756","1167","1275","1643","1191","1708","0","2231","0","0","771"
"40","304","35","24","17","2","3328","0","0","0","0","0","0","0","0","0","3024","0","0","0","0","0","0","0","0","0","0","0","1704","0","0","0","0","1209","0","2070","0","873","10","2145","18","56","6","728","1316","1533","1396","1519","1555","1305","1027","1870","1498","1420","1313","1503","1918","881","1675","1141","1242","1625","1909","917","1358","1434","1363","1423","0","1938","0","0","928"
"40","305","35","24","17","2","2860","0","0","0","0","0","0","0","0","0","2628","0","0","0","0","0","0","0","0","0","0","0","1568","0","0","0","0","958","0","1836","0","716","3","1916","15","30","1","605","1074","1404","1219","1304","1321","1159","837","1690","1264","1274","1185","1252","1710","701","1368","1057","1163","1296","1522","923","1144","1268","1102","1338","0","1761","0","0","742"
"40","306","35","24","17","2","3392","0","0","0","0","0","0","0","0","0","3025","0","0","0","0","0","0","0","0","0","0","0","2034","0","0","0","0","851","0","2294","0","623","11","2344","35","45","16","521","1004","1803","1055","1816","1253","1547","679","2176","1141","1733","1098","1636","2051","664","1237","1524","1500","1300","1476","1268","1179","1531","1039","1672","0","2200","0","0","647"
"40","307","35","24","17","2","1295","0","0","0","0","0","0","0","0","0","1223","0","0","0","0","0","0","0","0","0","0","0","387","0","0","0","0","784","0","581","0","613","4","633","7","24","2","518","681","487","840","349","825","337","658","525","831","368","700","457","670","473","936","237","358","822","938","233","656","508","734","408","0","524","0","0","639"
"40","308","35","24","17","2","1831","0","0","0","0","0","0","0","0","0","1688","0","0","0","0","0","0","0","0","0","0","0","807","0","0","0","0","818","0","955","0","690","2","1018","10","19","2","601","853","757","965","675","1027","591","744","901","985","660","864","744","945","636","1104","489","586","1015","1162","436","826","765","864","703","0","905","0","0","708"
"40","309","35","24","17","2","770","0","0","0","0","0","0","0","0","0","721","0","0","0","0","0","0","0","0","0","0","0","305","0","0","0","0","378","0","375","0","325","0","385","4","13","0","300","424","259","455","242","459","231","337","357","443","257","379","299","397","265","500","180","228","456","524","157","356","317","419","252","0","354","0","0","334"
"40","310","35","24","17","2","3317","0","0","0","0","0","0","0","0","0","2966","0","0","0","0","0","0","0","0","0","0","0","1274","0","0","0","0","1564","0","1523","0","1353","7","1620","15","30","4","1236","1497","1286","1809","1050","1939","850","1399","1437","1825","1025","1531","1232","1677","1079","1993","796","913","1888","2021","752","1327","1430","1725","1018","0","1464","0","0","1344"
"40","311","35","24","17","2","2388","0","0","0","0","0","0","0","0","0","2203","0","0","0","0","0","0","0","0","0","0","0","829","0","0","0","0","1280","0","1006","0","1143","10","1079","11","22","0","1051","1260","836","1480","655","1501","596","1232","889","1497","634","1187","883","1052","1009","1542","538","584","1501","1602","489","1135","931","1426","633","0","971","0","0","1140"
"40","312","35","24","17","2","2945","0","0","0","0","0","0","0","0","0","2591","0","0","0","0","0","0","0","0","0","0","0","1086","0","0","0","0","1390","0","1347","0","1168","12","1373","15","28","4","1114","1403","1058","1549","963","1684","771","1237","1245","1615","889","1333","1109","1428","995","1635","823","932","1518","1657","781","1232","1189","1487","933","0","1278","0","0","1179"
"40","313","35","24","17","2","3044","0","0","0","0","0","0","0","0","0","2524","0","0","0","0","0","0","0","0","0","0","0","1068","0","0","0","0","1328","0","1265","0","1163","5","1335","15","49","2","1081","1320","1043","1460","945","1639","757","1144","1274","1513","909","1269","1080","1377","971","1449","905","896","1483","1630","734","1137","1211","1434","898","0","1261","0","0","1114"
"40","314","35","24","17","2","2141","0","0","0","0","0","0","0","0","0","1825","0","0","0","0","0","0","0","0","0","0","0","851","0","0","0","0","908","0","941","0","819","10","1008","5","19","1","749","970","759","1081","676","1156","564","863","883","1167","584","943","765","996","690","1093","611","669","1056","1127","592","827","855","1031","650","0","920","0","0","794"
"40","315","35","24","17","2","2036","0","0","0","0","0","0","0","0","0","1851","0","0","0","0","0","0","0","0","0","0","0","695","0","0","0","0","1095","0","834","0","969","8","891","5","33","1","863","1064","694","1236","559","1283","485","974","816","1250","559","1134","623","948","765","1359","399","563","1197","1346","395","995","751","1101","613","0","802","0","0","964"
"40","401","35","24","17","2","2518","0","0","0","0","0","0","0","0","0","2345","0","0","0","0","0","0","0","0","0","0","0","987","0","0","0","0","1298","0","1198","0","1093","10","1281","10","38","5","959","1324","920","1472","819","1575","679","1215","1057","1551","746","1303","931","1300","925","1643","592","768","1481","1714","528","1233","993","1403","802","0","1147","0","0","1103"
"40","402","35","24","17","2","2608","0","0","0","0","0","0","0","0","0","2399","0","0","0","0","0","0","0","0","0","0","0","987","0","0","0","0","1351","0","1210","0","1149","14","1287","6","41","4","989","1342","921","1509","824","1572","722","1209","1105","1571","765","1357","920","1273","971","1652","612","769","1519","1678","596","1257","998","1398","829","0","1156","0","0","1125"
"40","403","35","24","17","2","2382","0","0","0","0","0","0","0","0","0","2173","0","0","0","0","0","0","0","0","0","0","0","852","0","0","0","0","1251","0","1029","0","1086","5","1075","10","46","2","995","1209","861","1366","751","1439","635","1176","926","1437","684","1177","894","1143","897","1463","597","741","1337","1511","564","1097","952","1323","713","0","983","0","0","1083"
"40","404","35","24","17","2","3151","0","0","0","0","0","0","0","0","0","2730","0","0","0","0","0","0","0","0","0","0","0","1226","0","0","0","0","1408","0","1473","0","1178","7","1502","8","47","2","1116","1398","1166","1572","1060","1696","852","1281","1333","1658","969","1406","1136","1484","1036","1711","845","942","1627","1774","808","1261","1255","1495","1019","0","1378","0","0","1206"
"40","405","35","24","17","2","2597","0","0","0","0","0","0","0","0","0","2283","0","0","0","0","0","0","0","0","0","0","0","924","0","0","0","0","1265","0","1157","0","1053","9","1205","20","29","6","960","1218","928","1373","839","1487","677","1181","1016","1466","753","1216","930","1200","919","1439","703","779","1389","1524","641","1083","1023","1324","776","0","1116","0","0","1027"
"40","406","35","24","17","2","2864","0","0","0","0","0","0","0","0","0","2579","0","0","0","0","0","0","0","0","0","0","0","890","0","0","0","0","1600","0","1102","0","1415","7","1194","9","37","4","1285","1560","872","1798","704","1840","603","1440","1038","1784","707","1560","861","1266","1126","1877","565","731","1704","1915","534","1397","1000","1653","734","0","1062","0","0","1395"
"40","407","35","24","17","2","2957","0","0","0","0","0","0","0","0","0","2634","0","0","0","0","0","0","0","0","0","0","0","892","0","0","0","0","1658","0","1068","0","1505","4","1138","8","18","2","1409","1602","911","1861","711","1909","603","1537","1014","1900","672","1590","921","1253","1230","1941","577","732","1789","1967","555","1475","999","1675","792","0","1023","0","0","1483"
"40","408","35","24","17","2","1948","0","0","0","0","0","0","0","0","0","1547","0","0","0","0","0","0","0","0","0","0","0","643","0","0","0","0","831","0","740","0","754","5","789","9","22","9","681","837","613","932","565","992","466","795","691","999","494","812","631","791","637","944","506","547","918","965","496","727","717","915","525","0","739","0","0","706"
"40","409","35","24","17","2","1395","0","0","0","0","0","0","0","0","0","1290","0","0","0","0","0","0","0","0","0","0","0","438","0","0","0","0","819","0","525","0","740","2","557","4","11","2","688","803","440","873","382","912","321","756","500","931","324","733","499","615","604","952","269","389","839","922","321","696","527","820","394","0","515","0","0","709"
"40","410","35","24","17","2","3089","0","0","0","0","0","0","0","0","0","2689","0","0","0","0","0","0","0","0","0","0","0","917","0","0","0","0","1693","0","1106","0","1528","13","1193","7","35","7","1389","1642","931","1826","780","1924","648","1600","1002","1921","695","1536","1025","1345","1196","1949","612","816","1775","1905","653","1444","1096","1757","794","0","1093","0","0","1482"
"40","411","35","24","17","2","2013","0","0","0","0","0","0","0","0","0","1662","0","0","0","0","0","0","0","0","0","0","0","652","0","0","0","0","949","0","780","0","831","2","822","7","24","5","777","940","677","1086","550","1105","505","891","739","1121","510","911","683","816","759","1098","490","537","1061","1094","504","803","770","1034","543","0","747","0","0","818"
"40","412","35","24","17","2","3046","0","0","0","0","0","0","0","0","0","2566","0","0","0","0","0","0","0","0","0","0","0","889","0","0","0","0","1597","0","1046","0","1473","7","1116","5","33","5","1353","1549","895","1733","776","1813","652","1507","985","1863","637","1540","918","1254","1185","1787","656","867","1611","1788","684","1437","983","1707","742","0","1036","0","0","1429"
"40","413","35","24","17","2","2575","0","0","0","0","0","0","0","0","0","2428","0","0","0","0","0","0","0","0","0","0","0","1072","0","0","0","0","1298","0","1214","0","1181","4","1302","3","20","2","1057","1382","951","1536","846","1670","688","1344","1030","1665","731","1353","996","1282","1041","1771","567","808","1536","1813","535","1372","946","1465","842","0","1172","0","0","1182"
"40","414","35","24","17","2","1686","0","0","0","0","0","0","0","0","0","1413","0","0","0","0","0","0","0","0","0","0","0","687","0","0","0","0","675","0","781","0","601","5","802","9","12","2","571","725","624","763","613","869","476","625","746","824","556","660","664","778","555","770","573","536","816","904","437","667","673","796","541","0","762","0","0","589"
"40","415","35","24","17","2","2473","0","0","0","0","0","0","0","0","0","1915","0","0","0","0","0","0","0","0","0","0","0","883","0","0","0","0","934","0","1049","0","807","9","1092","11","22","8","739","960","855","1053","790","1221","579","857","973","1115","727","950","829","1071","714","1051","753","729","1089","1160","641","784","1003","1044","744","0","1019","0","0","799"
"40","501","35","24","17","2","2292","0","0","0","0","0","0","0","0","0","2108","0","0","0","0","0","0","0","0","0","0","0","736","0","0","0","0","1313","0","906","0","1144","7","938","10","43","5","1055","1322","687","1458","585","1502","498","1195","838","1476","563","1253","744","1003","981","1506","494","681","1301","1548","438","1157","827","1351","625","0","846","0","0","1157"
"40","502","35","24","17","2","2418","0","0","0","0","0","0","0","0","0","2211","0","0","0","0","0","0","0","0","0","0","0","808","0","0","0","0","1337","0","996","0","1160","2","1052","8","23","1","1084","1298","814","1476","660","1560","555","1189","948","1488","645","1265","829","1126","947","1600","492","715","1382","1565","523","1184","883","1324","744","0","947","0","0","1165"
"40","503","35","24","17","2","2459","0","0","0","0","0","0","0","0","0","2230","0","0","0","0","0","0","0","0","0","0","0","828","0","0","0","0","1330","0","1018","0","1149","2","1052","10","33","2","1083","1314","777","1433","717","1551","575","1204","952","1484","678","1292","800","1161","921","1522","578","701","1412","1561","527","1173","896","1341","725","0","980","0","0","1143"
"40","504","35","24","17","2","1941","0","0","0","0","0","0","0","0","0","1687","0","0","0","0","0","0","0","0","0","0","0","673","0","0","0","0","956","0","801","0","834","7","829","6","50","6","757","937","650","1020","605","1113","475","857","754","1093","535","895","670","916","660","1045","543","583","998","1090","491","829","728","991","567","0","752","0","0","848"
"40","505","35","24","17","2","100","0","0","0","0","0","0","0","0","0","88","0","0","0","0","0","0","0","0","0","0","0","32","0","0","0","0","53","0","39","0","47","1","45","0","0","0","40","58","24","61","24","66","15","52","31","63","21","52","31","43","39","57","27","29","54","64","20","47","36","61","22","0","34","0","0","50"
"40","506","35","24","17","2","2210","0","0","0","0","0","0","0","0","0","1995","0","0","0","0","0","0","0","0","0","0","0","655","0","0","0","0","1274","0","810","0","1115","3","864","9","25","3","1051","1207","692","1314","618","1440","457","1160","762","1424","513","1169","716","969","903","1407","478","582","1306","1418","471","1098","766","1284","588","0","788","0","0","1103"
"40","507","35","24","17","2","2253","0","0","0","0","0","0","0","0","0","1933","0","0","0","0","0","0","0","0","0","0","0","851","0","0","0","0","1011","0","965","0","904","5","997","11","39","6","843","1049","764","1095","757","1258","569","935","918","1216","653","959","819","1040","766","1132","675","684","1138","1205","596","934","838","1095","690","0","912","0","0","910"
"40","508","35","24","17","2","2148","0","0","0","0","0","0","0","0","0","1876","0","0","0","0","0","0","0","0","0","0","0","733","0","0","0","0","1083","0","900","0","915","3","932","6","37","4","863","1053","698","1162","639","1252","513","945","855","1205","603","989","745","1014","726","1195","552","665","1110","1237","504","913","828","1109","619","0","833","0","0","948"
"40","509","35","24","17","2","2484","0","0","0","0","0","0","0","0","0","2126","0","0","0","0","0","0","0","0","0","0","0","817","0","0","0","0","1237","0","1007","0","1038","7","1029","13","31","3","1007","1160","855","1295","751","1432","592","1115","931","1361","690","1113","876","1084","904","1304","716","735","1269","1341","646","999","979","1242","729","0","946","0","0","1044"
"40","510","35","24","17","2","1901","0","0","0","0","0","0","0","0","0","1627","0","0","0","0","0","0","0","0","0","0","0","752","0","0","0","0","813","0","914","0","655","2","927","14","42","3","619","798","745","823","744","1011","526","722","842","974","597","770","754","890","631","870","656","645","905","950","563","658","851","869","642","0","850","0","0","686"
"40","511","35","24","17","2","1640","0","0","0","0","0","0","0","0","0","1449","0","0","0","0","0","0","0","0","0","0","0","341","0","0","0","0","1078","0","439","0","975","1","451","9","21","0","954","1026","360","1148","271","1183","221","1001","416","1153","271","1038","361","645","743","1152","240","331","1066","1098","297","957","418","1060","318","0","423","0","0","962"
"40","512","35","24","17","2","1109","0","0","0","0","0","0","0","0","0","987","0","0","0","0","0","0","0","0","0","0","0","256","0","0","0","0","707","0","332","0","631","8","355","5","13","2","579","683","267","775","190","772","178","643","319","759","210","654","285","460","469","772","167","258","685","759","172","594","328","691","231","0","293","0","0","641"
"40","513A","35","24","17","2","766","0","0","0","0","0","0","0","0","0","688","0","0","0","0","0","0","0","0","0","0","0","154","0","0","0","0","515","0","183","0","495","3","193","2","12","1","472","504","160","556","120","538","128","470","199","564","109","478","173","302","358","561","102","178","486","538","124","426","233","507","149","0","180","0","0","490"
"40","513B","35","24","17","2","1154","0","0","0","0","0","0","0","0","0","1027","0","0","0","0","0","0","0","0","0","0","0","233","0","0","0","0","745","0","308","0","705","3","319","4","8","2","676","690","267","811","194","808","181","693","310","799","203","684","298","404","573","819","166","250","744","799","185","662","319","734","224","0","298","0","0","692"
"40","514","35","24","17","2","202","0","0","0","0","0","0","0","0","0","192","0","0","0","0","0","0","0","0","0","0","0","50","0","0","0","0","136","0","64","0","126","0","65","1","4","1","118","123","56","148","39","141","43","130","57","151","36","122","61","81","99","152","31","42","133","141","38","117","65","133","43","0","62","0","0","125"
"40","515","35","24","17","2","2052","0","0","0","0","0","0","0","0","0","1848","0","0","0","0","0","0","0","0","0","0","0","522","0","0","0","0","1278","0","682","0","1118","7","699","5","30","2","1070","1219","534","1348","465","1380","382","1170","630","1371","438","1196","556","874","866","1376","365","535","1227","1409","338","1137","606","1233","497","0","640","0","0","1132"
"40","516B","35","24","17","2","210","0","0","0","0","0","0","0","0","0","183","0","0","0","0","0","0","0","0","0","0","0","80","0","0","0","0","95","0","102","0","77","0","102","1","3","1","74","93","75","113","67","123","52","84","94","118","63","106","70","112","62","120","53","68","109","115","58","92","79","106","68","0","93","0","0","79"
"40","517","35","24","17","2","898","0","0","0","0","0","0","0","0","0","790","0","0","0","0","0","0","0","0","0","0","0","357","0","0","0","0","411","0","434","0","335","2","449","5","22","1","296","394","352","475","293","493","253","357","409","487","284","433","310","439","301","486","254","299","435","507","223","406","336","415","303","0","413","0","0","331"
"40","518","35","24","17","2","2644","0","0","0","0","0","0","0","0","0","2320","0","0","0","0","0","0","0","0","0","0","0","1466","0","0","0","0","718","0","1675","0","540","11","1750","24","29","6","461","845","1303","885","1328","1075","1081","611","1602","941","1292","926","1175","1538","566","996","1131","1121","1052","1167","940","888","1213","905","1173","0","1618","0","0","557"
"40","519","35","24","17","2","2812","0","0","0","0","0","0","0","0","0","2434","0","0","0","0","0","0","0","0","0","0","0","1554","0","0","0","0","698","0","1767","0","542","8","1856","17","38","5","464","765","1496","836","1474","1096","1156","595","1723","946","1382","888","1283","1656","535","1080","1109","1211","1059","1156","1048","905","1308","937","1255","0","1718","0","0","544"
"40","520","35","24","17","2","1913","0","0","0","0","0","0","0","0","0","1611","0","0","0","0","0","0","0","0","0","0","0","1086","0","0","0","0","391","0","1198","0","315","6","1273","10","31","2","266","426","1066","518","999","676","819","313","1217","552","972","547","890","1129","314","618","812","823","682","743","698","538","920","578","855","0","1158","0","0","326"
"40","521","35","24","17","2","117","0","0","0","0","0","0","0","0","0","65","0","0","0","0","0","0","0","0","0","0","0","34","0","0","0","0","19","0","37","0","16","1","45","0","1","0","18","15","39","15","39","22","32","16","43","18","38","18","28","43","7","15","37","29","25","23","28","21","30","25","25","0","38","0","0","16"
"40","MB01A","35","24","17","2","275","0","0","0","0","0","0","0","0","0","258","0","0","0","0","0","0","0","0","0","0","0","83","0","0","0","0","168","0","110","0","145","0","118","0","3","0","130","144","100","192","56","195","57","137","112","184","68","165","80","117","127","196","50","56","186","202","43","149","95","168","69","0","109","0","0","145"
"40","MB01B","35","24","17","2","1640","0","0","0","0","0","0","0","0","0","1405","0","0","0","0","0","0","0","0","0","0","0","387","0","0","0","0","979","0","465","0","915","3","485","9","25","2","857","927","411","1073","311","1111","243","915","465","1079","310","938","415","639","696","1114","234","335","1014","1072","284","833","506","1002","340","0","429","0","0","911"
"40","MB02","35","24","17","2","416","0","0","0","0","0","0","0","0","0","369","0","0","0","0","0","0","0","0","0","0","0","111","0","0","0","0","243","0","137","0","224","0","138","4","6","0","214","253","106","277","84","286","71","231","132","272","89","240","113","177","174","283","68","83","267","282","72","217","137","260","84","0","130","0","0","216"
"40","MB03","35","24","17","2","580","0","0","0","0","0","0","0","0","0","507","0","0","0","0","0","0","0","0","0","0","0","147","0","0","0","0","349","0","171","0","322","1","179","1","10","0","305","337","144","379","108","388","96","311","180","391","103","314","165","210","270","388","86","165","314","348","133","308","167","354","125","0","173","0","0","312"
"40","MB06A","35","24","17","2","924","0","0","0","0","0","0","0","0","0","839","0","0","0","0","0","0","0","0","0","0","0","321","0","0","0","0","496","0","383","0","437","4","422","7","12","0","374","480","320","554","264","563","237","428","386","538","275","482","314","448","330","587","205","251","539","592","205","452","335","493","287","0","382","0","0","416"
"40","MB06B","35","24","17","2","219","0","0","0","0","0","0","0","0","0","202","0","0","0","0","0","0","0","0","0","0","0","79","0","0","0","0","120","0","97","0","104","1","101","3","5","1","84","120","75","129","70","142","55","96","104","141","57","130","64","121","66","152","40","80","115","145","45","104","84","119","71","0","95","0","0","103"
"40","MB07A","35","24","17","2","1492","0","0","0","0","0","0","0","0","0","1304","0","0","0","0","0","0","0","0","0","0","0","507","0","0","0","0","758","0","602","0","666","7","625","6","24","1","613","722","515","877","392","886","351","657","599","854","405","733","493","644","564","901","328","391","846","899","332","667","563","750","434","0","566","0","0","677"
"40","MB07B","35","24","17","2","33","0","0","0","0","0","0","0","0","0","31","0","0","0","0","0","0","0","0","0","0","0","10","0","0","0","0","20","0","13","0","17","0","14","0","0","1","16","20","10","18","11","21","8","17","14","19","9","20","9","17","13","19","12","10","19","22","7","18","11","14","10","0","11","0","0","17"
"40","MB08","35","24","17","2","55","0","0","0","0","0","0","0","0","0","52","0","0","0","0","0","0","0","0","0","0","0","8","0","0","0","0","44","0","9","0","42","0","11","0","0","0","41","41","9","40","10","45","5","44","6","46","4","40","10","16","34","48","2","7","44","45","4","42","8","46","4","0","8","0","0","42"
"40","MB13A","35","24","17","2","920","0","0","0","0","0","0","0","0","0","803","0","0","0","0","0","0","0","0","0","0","0","281","0","0","0","0","499","0","360","0","428","3","363","5","7","2","410","496","266","546","234","565","202","455","330","563","220","457","304","411","350","557","207","248","518","569","196","430","333","498","258","0","338","0","0","434"
"40","MB13B","35","24","17","2","29","0","0","0","0","0","0","0","0","0","27","0","0","0","0","0","0","0","0","0","0","0","11","0","0","0","0","16","0","13","0","14","0","10","2","0","0","15","18","6","18","6","19","4","15","9","20","4","13","8","13","11","21","3","10","14","18","6","13","11","19","5","0","13","0","0","14"
"40","MB15","35","24","17","2","48","0","0","0","0","0","0","0","0","0","43","0","0","0","0","0","0","0","0","0","0","0","11","0","0","0","0","29","0","14","0","26","1","14","0","1","0","27","27","15","32","10","32","10","24","17","31","11","24","16","26","15","27","15","10","31","30","10","20","20","35","7","0","13","0","0","27"
"40","MB16A","35","24","17","2","153","0","0","0","0","0","0","0","0","0","129","0","0","0","0","0","0","0","0","0","0","0","58","0","0","0","0","60","0","66","0","53","0","68","0","5","0","54","70","52","78","46","78","44","60","62","81","42","76","43","67","51","81","40","48","72","78","45","59","59","70","47","0","65","0","0","52"
"40","MB16B","35","24","17","2","0","0","0","0","0","0","0","0","0","0","0","0","0","0","0","0","0","0","0","0","0","0","0","0","0","0","0","0","0","0","0","0","0","0","0","0","0","0","0","0","0","0","0","0","0","0","0","0","0","0","0","0","0","0","0","0","0","0","0","0","0","0","0","0","0","0","0"
"40","MB17","35","24","17","2","4","0","0","0","0","0","0","0","0","0","3","0","0","0","0","0","0","0","0","0","0","0","0","0","0","0","0","3","0","0","0","3","0","0","0","0","0","3","3","0","3","0","3","0","3","0","3","0","3","0","0","3","3","0","0","2","3","0","3","0","3","0","0","0","0","0","3"
"40","MB18","37","24","17","2","0","0","0","0","0","0","0","0","0","0","0","0","0","0","0","0","0","0","0","0","0","0","0","0","0","0","0","0","0","0","0","0","0","0","0","0","0","0","0","0","0","0","0","0","0","0","0","0","0","0","0","0","0","0","0","0","0","0","0","0","0","0","0","0","0","0","0"
"40","MB27","35","24","17","2","0","0","0","0","0","0","0","0","0","0","0","0","0","0","0","0","0","0","0","0","0","0","0","0","0","0","0","0","0","0","0","0","0","0","0","0","0","0","0","0","0","0","0","0","0","0","0","0","0","0","0","0","0","0","0","0","0","0","0","0","0","0","0","0","0","0","0"
"40","MB35","35","24","17","2","61","0","0","0","0","0","0","0","0","0","61","0","0","0","0","0","0","0","0","0","0","0","15","0","0","0","0","46","0","20","0","41","0","25","0","0","0","36","42","18","49","12","51","10","41","20","47","14","46","15","33","28","49","9","23","38","48","12","43","16","44","16","0","22","0","0","38"
"40","CNTYTOT","3712","2544","1802","212","184050","0","0","0","0","0","0","0","0","0","162615","0","0","0","0","0","0","0","0","0","0","0","70830","0","0","0","0","85530","0","84608","0","73172","455","88310","794","2408","278","67436","86448","67442","96544","60557","103817","50474","78176","78559","100756","56690","85857","66770","88622","62945","103347","49683","57417","96697","107798","45240","80330","71557","92122","58785","0","81001","0","0","73327"
